code,marketref,dem,demCGV,demBMR,demreg,lp_bl,ls_bl,lh_bl,tropicar,distcr,distc,distr,ginv,polity,polity2,landlock,yellow,oilres,goldm,iron,silv,zinc,mortality,imputedmort,logem4,excolony,lt100km,democ1,democ00a,cons00a,currentinst,imr95,leb95,malfal,uvdamage,suitavg,pdiv,pdiv_aa,pdivhmi,pdivhmi_aa,pd1,pd1000,pd1500,pd1500.1,pop1,pop1000,pop1500,legor_uk,legor_fr,temp,elevavg,elevstd,kgatr,precip,suitgini,area,abslat,cenlong,area_ar,rough,ln_yst,ln_yst_aa,africa,europe,asia,oceania,americas,pprotest,pcatholic,pmuslim,pother,population_initial,population_now,gdp_pc_initial,gdp_pc_now,capital_growth_pct_gdp_initial,capital_growth_pct_gdp_now,gdp_initial,gdp_now,investment_rate,gdp_growth,pop_growth,lgdp_initial,lpop_initial,AIRDIST,AVELF,BRIT,BUDDHA,CIV72,CONFUC,DENS60,DENS65C,DENS65I,DPOP6090,EAST,ECORG,ENGFRAC,FERTLDC1,GDE1,GDPCH60L,GEEREC1,GGCFD3,GOVNOM1,GOVSH61,GVR61,H60,HERF00,HINDU00,IPRICE1,LAAM,LIFE060,LT100CR,MALFAL66,MINING,NEWSTATE,OIL,OPENDEC1,ORTH00,OTHFRAC,P60,PI6090,POP1560,POP60,POP6560,PRIEXP70,PRIGHTS,RERD,REVCOUP,SCOUT,SIZE60,SOCIALIST,SPAIN,SQPI6090,TOT1DEC1,TOTIND,TROPPOP,WARTIME,WARTORN,YRSOPEN,ZTROPICS
AFG,,0.0,0.0,0.0,0.0,4.1098223,0.5648045,1.0960875,0.0,942.351,942.467,2173.6,5.463794,-7.0,-7.0,1.0,0.0,0.0,0.0,0.0,0.0,0.0,,93.7,4.540098,,,1.0,1.0,1.0,,,,0.0592746,206.45377,0.16,0.7286669,0.7289718,0.72747195,0.7276834,3.0670612,3.450444,3.0670612,3.0670612,1999999.9,2250000.0,1999999.9,0.0,1.0,12.403885,1.8169798,1.079821,0.0,28.07191,0.58835,652090.0,33.0,66.0,79098.516,0.35812742,9.1049795,9.076809,0.0,0.0,1.0,0.0,0.0,0.0,0.0,99.3,0.7,11173654.0,38928341.0,,549.391787084908,5.46379407704636,,,21386910830.2407,10.576140126941452,,0.0252774687725658,,16.229069243782238,5360,0.44844118,1.0,0.0,0.333333343,0,60.5188,0,.,0.00657231,0.0,.,.,.,.,.,.,.,.,.,.,0,0.990042,0.001,.,0.0,.,0,0.00246,.,1.0,0.0,.,0.0,.,0.1,11.75999995,0.424800009,10775,0.020788901,.,6.78,.,0.52,0,.,1,0.0,138.2975989,0.015415065,0.103448276,0,.,1,.,0
AGO,,,,,0.03125,,,,1.0,481.495,509.511,593.664,,,,0.0,1.0,146000.0,0.0,0.0,0.0,0.0,280.0,280.0,5.634789,1.0,0.1187579999999999,0.0,0.0,1.0,172.0,125.0,46.49,1.0,269.24872,0.25,0.74826586,0.7477829,0.73973984,0.7395843,0.19119325,0.764773,1.529546,1.529546,238360.62,953442.5,1906885.0,0.0,1.0,21.66506,0.97141165,0.3881901,0.4941295,84.62355,0.37854,1246700.0,12.5,18.5,30045.47,0.08488976,7.130899,7.213024,1.0,0.0,0.0,0.0,0.0,19.8,68.7,0.0,11.5,5890360.0,32866268.0,,2890.89289718216,,22.7622595620963,,95012860718.0854,21.75745315599542,,0.0349805088739982,,15.588827674303278,6830,0.77275497,0.0,0.0,0.166666672,0,258.8663,9.291969,3.462699,0.02409583,0.0,0,0,.,.,6.836259277,.,.,0.115,0.141,.,0,0.988062,0,110.38,0.0,.,0.14,1,0.27,2.0,0.0,0.48,0.0,0,0.21,9.46,0.41839999,4816,0.0276163,.,6.72,172,0.7,0,15.31595826,1,0.0,89.4916,0.055431068,.,0.7491,0.44,1,0,0.0501317
ALB,9.090906,0.0,0.0,0.0,0.037037037,32.111988,32.864277,2.935904,0.0,77.5443,76.038,387.121,,-9.0,-9.0,,,,,,,,,,,,,,,,,,,0.0,125.279465,0.77,0.7405394,0.7405723,0.72627586,0.72628343,7.29927,7.29927,7.29927,7.29927,200000.0,200000.0,200000.0,0.0,0.0,11.657646,0.67119855,0.40881118,0.0,92.48657,0.13603,27400.0,41.0,20.0,5778.66,0.37626883,8.922658,8.9250555,0.0,1.0,0.0,0.0,0.0,0.0,0.0,20.5,79.5,2135479.0,2837743.0,,5064.061915869529,,,,14370506253.3253,28.26113099712162,,0.0057025588460721,,14.57420153545272,,,,,,,,,,,,,,,,,,,,,,,,,,,,,,,,,,,,,,,,,,,,,,,,,,,,,,,,
ARE,,,,,,,,,,,,,,,,0.0,0.0,,,,,,,,,1.0,,,,,26.0,,,0.0084119,235.94078,0.00286,0.73786384,0.73786384,,,,0.88393885,0.88393885,0.88393885,,73897.29,73897.29,1.0,0.0,27.368052,0.12929451,0.093942575,0.0,6.1325293,0.36443,83600.0,24.0,54.0,601.92004,0.07958952,8.922658,8.922658,0.0,0.0,1.0,0.0,0.0,0.3,0.4,94.9,4.4,234512.0,9890400.0,,,,,,,23.49564689569776,,0.0777076749406304,,12.36526203826708,5240,.,1.0,0.0,0.333333343,0,928.8889,2.053038,0.6847556,0.09972614,0.0,3,0,1.911910057,.,.,.,.,.,.,.,0,0.998002,0,.,0.0,53.4,0.77,0.3567,0.34,2.0,1.0,.,0.0,0.29300001,.,.,.,90,0.033333302,0.963,5.33,.,0.22,.,.,0,0.0,.,0.145300001,0.027586207,0.02122,.,0,.,0
ARG,34.144062,0.0,0.0,0.0,0.071428575,72.4,15.3,4.0,0.02708887,271.642,388.408,832.692,24.440096,-9.0,-9.0,0.0,0.0,46900.0,0.0,0.0,0.0,0.0,68.9,68.9,4.232656,1.0,0.123089,1.0,3.0,3.0,124.0,21.8,72.89,0.0,170.53558,0.4,0.5732512,0.7247375,0.56610674,0.710195,0.03654049,0.07308098,0.10303224,0.10303224,99999.99,199999.98,281967.3,0.0,1.0,13.966665,0.7152864,1.002649,4.57e-05,52.905045,0.50347,2736690.0,34.0,-64.0,278047.7,0.17800479,8.242756,8.892195,0.0,0.0,0.0,0.0,1.0,2.7,91.6,0.2,5.5,23880564.0,45376763.0,7084.180588529979,8692.70804630198,24.440095247505106,13.7765982499445,169174227931.948,394446952845.238,19.976605612415664,0.0041007914601256,0.0129214748007255,8.865619491029799,16.988575464300226,8570,0.17693182,0.0,0.0,0.666666687,0,132.7459,12.4985,7.530861,0.01525467,0.0,5,0,1.133657575,0.021,8.403352375,0.022299999,0.05,0.12,0.13,0.084700001,0.11,0.950852,0,88.21,1.0,65.2,0.2,0,0.02,0.0,0.0,0.1305,0.001,0.83600003,0.98,88.98391649,0.307799995,20616,0.0554424,0.861,3.94,113,0.96,0,18.33717513,0,1.0,7918.137394,-0.010536052,0.455172414,0,0.36,1,0.09,0.0022708
ARM,0.0,0.0,0.0,0.0,0.037037037,29.62099,54.43604,13.151984,0.0,420.939,420.939,832.382,,,,0.0,0.0,0.0,0.0,0.0,0.0,0.0,,,,,,,,,32.0,,,0.0,136.73349,0.55,0.74327654,0.74327195,0.74628097,0.74625605,0.63829786,1.0638298,2.6595745,2.6595745,18000.0,30000.0,75000.0,0.0,0.0,8.37676,1.5510806,0.5115414,0.0,45.817894,0.28568,28200.0,40.0,45.0,4949.0996,0.47754443,8.987197,8.98907,0.0,0.0,1.0,0.0,0.0,0.0,0.0,0.0,100.0,2525067.0,2963234.0,,4364.312212012171,,17.2245621304291,,12932478333.2497,26.68503152557268,,0.0032053991894027,,14.741778154993025,,,,,,,,,,,,,,,,,,,,,,,,,,,,,,,,,,,,,,,,,,,,,,,,,,,,,,,,
ATG,,,,,0.8888889,,,,,,,,,,,,,,,,,,,,,,,,,,,,,,264.5719,,0.6106138,,,,0.44332135,0.88664275,1.329964,1.329964,195.06139,390.1228,585.1842,1.0,0.0,26.608334,0.001,,,85.825,,440.0,17.05,-61.8,79.992004,0.0035,,,0.0,0.0,0.0,0.0,1.0,42.2,10.2,0.4,47.2,64184.0,97928.0,,12870.186811983798,,55.827644702833005,,1260351654.12395,28.89008822846124,,0.0084853695085038,,11.069509237433492,,,,,,,,,,,,,,,,,,,,,,,,,,,,,,,,,,,,,,,,,,,,,,,,,,,,,,,,
AUS,29.444778,1.0,1.0,1.0,0.95454544,29.3,48.3,21.5,0.38188735,354.887,354.777,5188.9,32.813263,10.0,10.0,0.0,1.0,99100.0,3.0,16.0,9.0,12.0,8.55,8.55,2.145931,1.0,0.198958,10.0,10.0,7.0,10.0,5.6,78.25,0.0,223.12234,0.19,0.6440536,0.7254786,,,0.02603387,0.02603387,0.02603387,0.02603387,200000.0,200000.0,200000.0,1.0,0.0,21.334566,0.26331285,0.1865085,0.0793232,45.187477,0.60792,7682300.0,27.0,135.0,503190.66,0.05339489,5.9914646,8.678531,0.0,0.0,0.0,1.0,0.0,23.5,29.6,0.2,46.7,12507000.0,25687041.0,26120.6210729662,56307.2806848652,33.022170361727,22.2555426057122,326690607759.588,1446367427550.64,27.67234744815972,0.0154805769713748,0.0144980546317725,10.170480360786328,16.341799045531044,7800,0.11279711,1.0,0.0,1,0,741.0994,6.251487,0.3078257,0.016453,0.0,5,0.95,1.027474284,0.028000001,8.959568654,0.0217,0.09,0.14,0.1,0.051299999,0.13,0.59546,0,68.82,0.0,70.7,0.2,0,0.04,0.0,0.0,0.2955,0.001,0,1,6.707103178,0.300900012,10315,0.084633999,0.811,1,129,0,0,18.20092308,0,0.0,44.98523304,-0.016126245,0.351724138,0.01649,0,0,0.69,0.1602212
AUT,38.210518,1.0,1.0,1.0,0.95454544,57.263283,35.8,2.6,0.0,79.4891,263.147,81.3668,29.408796,10.0,10.0,1.0,0.0,11900.0,0.0,0.0,0.0,0.0,,,,0.0,,,,,29.0,,,0.0,87.9964,0.41,0.73671675,0.73689777,0.7253152,0.7256983,6.0642815,8.489994,24.257126,24.257126,500000.0,700000.0,2000000.0,0.0,0.0,6.8472776,0.8308811,0.4849222,0.0,82.06184,0.42311,82450.0,47.333332,13.333333,13991.765,0.2630111,8.779557,8.79141,0.0,1.0,0.0,0.0,0.0,6.5,88.8,0.6,4.1,7467086.0,8917205.0,19573.8671624626,47008.71043296781,31.038140764506306,25.1933056583608,146159749454.684,419186307716.4121,25.95499322258213,0.0176771749457378,0.0035558616760935,9.881950647534955,15.82601538729449,840,0.03321225,0.0,0.0,1,0,11.7381,66.78308,88.04961,0.00236847,0.0,4,0,0.858237803,0.012,8.545391846,0.024800001,0.04,0.15,0.15,0.114199999,0.08,0.89265,0,74.54,0.0,68.8,0.62,0,0,1.0,0.0,0.565,0.023,0.98000002,1,4.349913293,0.221300006,7048,0.120459698,0.198,1,100,0,0,17.40589101,0,0.0,18.92174566,0.001529612,0.324137931,0,0,0,0.78,0
AZE,0.0,0.0,0.0,0.0,0.037037037,,,,0.0,696.768,696.794,1068.69,,,,1.0,0.0,177000.0,0.0,0.0,0.0,0.0,,,,,,,,,67.0,,,0.0,133.85303,0.61,0.7403298,0.74012524,0.74192095,0.74189734,0.63829786,1.0638298,2.6595745,2.6595745,52726.594,87877.66,219694.16,0.0,0.0,11.598748,0.822947,0.7368593,0.0,43.431736,0.19739,82605.0,40.5,47.5,17603.125,0.35926768,8.987197,8.975251,0.0,0.0,1.0,0.0,0.0,0.0,0.0,93.4,6.6,5180032.0,10110116.0,,5593.22452252542,,24.2835368800064,,56548148736.7766,25.390139494627096,,0.013464344225623,,15.460321791822762,,,,,,,,,,,,,,,,,,,,,,,,,,,,,,,,,,,,,,,,,,,,,,,,,,,,,,,,
BDI,,0.0,0.0,0.0,0.032258064,11.36534,0.9125627,0.1412006,1.0,1009.66,1009.66,1860.04,4.5307946,-7.0,-7.0,0.0,1.0,0.0,0.0,0.0,0.0,0.0,,280.0,5.634789,,,3.0,0.0,1.0,159.0,,,1.0,272.0675,0.46,0.76127267,0.76129365,0.7630439,0.76307535,,11.916584,24.826216,24.826216,,306017.88,637537.25,0.0,1.0,20.730478,1.4060879,0.2276154,0.9689716,99.4659,0.20359,25680.0,3.5,30.0,9599.185,0.2555602,8.160519,8.155936,1.0,0.0,0.0,0.0,0.0,4.9,78.3,0.9,15.9,3479070.0,11890781.0,263.644252742783,202.372052445493,4.53079461935769,11.3778468451157,917236810.389835,2406361756.14988,10.887357681729874,-0.0052758897446741,0.0248845453324155,5.574600666925238,15.062275574656006,6600,0.01333333,0.0,0.0,0,0,8.711,0,125.1168,0.02027949,0.0,4,0,1.857235074,0.014,6.461468176,0.018300001,0.03,0.04,0.04,0.01,0,0.996008,0,114.67,0.0,41.8,0,1,0.01,2.0,0.0,0.2215,0.0,0,0.18,7.299186382,0.404700011,2948,0.03019,0.977,6.83,167,0.39,0,14.45035043,0,0.0,53.27812185,-0.069200002,0.15862069,1,0.04,1,0,0
BEL,53.84356,1.0,1.0,1.0,0.95454544,65.29951,28.7,5.2,0.0,38.3926,123.756,53.2518,28.149338,10.0,10.0,0.0,0.0,0.0,0.0,0.0,0.0,0.0,,,,0.0,,,,,33.0,,,0.0,70.60848,0.46,0.72987413,0.7300649,0.7161382,0.71649736,8.469791,11.293055,35.290794,35.290794,256041.8,341389.03,1066840.8,0.0,1.0,9.525276,0.12728001,0.1291754,0.0,70.29103,0.28729,30230.0,50.833332,4.0,8041.18,0.04324301,8.612503,8.619641,0.0,1.0,0.0,0.0,0.0,0.4,90.0,1.1,8.5,9655549.0,11555997.0,19807.7253917208,44361.24836481849,29.6566888191858,24.7640559611984,191254463098.304,512638453020.098,23.67142021859254,0.0162566092413163,0.0035998990679222,9.893827311884628,16.08304333395786,190,0.36383442,0.0,0.0,1,0,3.5857,420.7111,161.5809,0.00249368,0.0,5,0,0.80602932,0.035,8.611593867,0.046300001,0.03,0.15,0.11,0.029699998,0.09,0.976214,0,69.91,0.0,69.7,0.99,0,0,0.0,0.0,0.974,0.0,0.345,1,4.838404711,0.235200003,9153,0.1196329,0.238,1,100,0,1,17.73343084,0,0.0,23.41016015,-0.000692569,0.572413793,0,0,0,0.78,0
BEN,4.545453,0.0,0.0,0.0,0.032258064,8.305782,2.1402247,0.29184884,1.0,352.174,355.202,617.711,11.592381,-2.0,-2.0,0.0,1.0,3930.0,0.0,0.0,0.0,0.0,,266.52,5.585449,,,4.0,0.0,1.0,175.0,,,1.0,259.7627,0.52,0.7442147,0.74344903,0.7322745,0.7311061,1.1814605,2.7567413,4.3320217,4.3320217,130693.164,304950.72,479208.25,0.0,1.0,27.753115,0.24441174,0.1046992,0.4423535,84.79923,0.09314,110620.0,9.5,2.25,23805.424,0.03980191,8.039157,8.039125,1.0,0.0,0.0,0.0,0.0,2.8,18.5,15.2,63.5,2912338.0,12123198.0,795.1564106568891,1273.5413171047,11.5923801456269,25.6338435081567,2315764230.6996603,15439393548.4411,15.784469555237967,0.0094648692204359,0.0289339767365515,6.678538838267613,14.884466752991518,5040,0.68311917,0.0,0.0,0.333333343,0,49.4502,99.27784,12.51306,0.02396531,0.0,0,0,1.921471119,0.017999999,7.003065459,0.024800001,0.02,0.11,0.28,0.2372,0,0.847728,0,150.44,0.0,38.9,0.11,1,0.01,2.0,0.0,0.4405,0.0,0,0.27,4.398091665,0.407400012,2237,0.072865397,0.896,7,126,0.1,0,14.71595642,1,0.0,19.3432103,-0.024419695,0.124137931,0.5141,0,0,0.11,0.9797114
BFA,14.285715,0.0,0.0,0.0,0.032258064,,,,1.0,731.845,732.248,960.376,10.270034,-4.0,-4.0,1.0,1.0,0.0,0.0,0.0,0.0,0.0,280.0,280.0,5.634789,1.0,0.0,0.0,0.0,1.0,153.0,98.8,44.39,1.0,269.04742,0.35,0.7410299,0.7410299,0.72913665,0.72913665,1.1814605,2.7567413,4.3320217,4.3320217,323247.6,754244.44,1185241.1,0.0,1.0,28.639091,0.28544873,0.0390757,0.1176683,66.651634,0.25894,273600.0,13.0,-2.0,40410.723,0.03131196,7.972466,7.972466,1.0,0.0,0.0,0.0,0.0,1.6,9.0,43.0,46.4,5624592.0,20903278.0,307.53583949615603,815.480855632121,10.270033771264,,1729763622.54336,17046223028.9561,17.73999733873895,0.019695166533558,0.0266028543512708,5.72859163166202,15.542658970090756,,,,,,,,,,,,,,,,,,,,,,,,,,,,,,,,,,,,,,,,,,,,,,,,,,,,,,,,
BGD,33.333332,,,,0.0,12.293732,6.1045923,0.56664735,0.42105263,41.1235,151.964,79.8286,11.344657,,,0.0,1.0,0.0,0.0,0.0,0.0,0.0,71.41,71.41,4.268438,1.0,0.401598,8.0,0.0,1.0,129.0,78.8,58.13,0.1786233,206.00635,0.77,0.7115537,0.71176815,0.71170145,0.7118373,8.775915,19.874866,25.811514,25.811514,1142360.9,2587111.2,3359884.8,1.0,0.0,24.894917,0.12466724,0.14970571,0.8674768,220.37149,0.18411,130170.0,24.0,90.0,80835.57,0.08250243,8.612503,8.623353,0.0,0.0,1.0,0.0,0.0,0.2,0.2,85.9,13.7,64232486.0,164689383.0,411.184392056864,1305.25933193765,11.3446569376759,31.53551760559,26411395706.211,214962354031.804,18.470585404788935,0.0233712305017643,0.0190094638075617,6.019041756360412,17.978019653140116,4900,0,1.0,0.0,0.5,0,2.5316,412.9494,471.4697,0.02711065,0.0,3,0,1.93268013,0.003,6.858565035,0.004,0.02,0.07,0.23,0.218,0.01,0.537412,0.327,50.65,0.0,43.6,0.96,0.632,0,2.0,0.0,0.215,0.0,0,0.47,10.59391256,0.407700002,51419,0.0371264,.,4.5,70,0.62,0,17.70632807,0,0.0,112.2309834,0,0.213793103,0.05304,0.04,1,0,0.3283631
BGR,0.0,0.0,0.0,0.0,0.037037037,65.16232,19.089005,6.476267,0.0,73.0677,158.608,118.595,,-7.0,-7.0,0.0,0.0,34.0,0.0,0.0,0.0,0.0,,,,0.0,,,,,66.0,,,0.0,111.669815,0.7,0.7425296,0.74250174,0.72930133,0.7294693,4.51957,7.231312,7.231312,7.231312,500000.0,800000.0,800000.0,0.0,0.0,10.918559,0.3721086,0.33425382,0.0,51.916183,0.12735,110630.0,43.0,25.0,35257.78,0.18819907,8.922658,8.925582,0.0,1.0,0.0,0.0,0.0,0.4,0.5,10.6,88.5,8489574.0,6927288.0,,8743.216992230871,,18.9607123505708,,60566782151.677,24.231977983616293,,-0.0040591478528951,,15.954349380350193,,,,,,,,,,,,,,,,,,,,,,,,,,,,,,,,,,,,,,,,,,,,,,,,,,,,,,,,
BHR,,,,,0.0,9.7,9.2,3.8,,,,,,,,0.0,0.0,131000.0,0.0,0.0,0.0,0.0,,,,1.0,,,,,42.0,,,,227.46628,,0.7410552,0.7412633,,,,0.88393885,0.88393885,0.88393885,,627.59656,627.59656,1.0,0.0,26.63046,0.0284068,0.0,,6.5210924,0.0,710.0,26.0,50.5,20.022,0.0327981,8.922658,8.945006,0.0,0.0,1.0,0.0,0.0,0.9,0.8,95.0,3.3,212607.0,1701583.0,,19018.554449692,,,,32361648936.1702,26.758688286386334,,0.0424746706362226,,12.26720067002998,.,.,1.0,0.0,0.333333343,0,4179.4872,.,.,0.0407911,0.0,3,0,1.86019659,.,.,.,0.16,.,.,.,0,0.994025,0,.,0.0,57,.,.,0.16,2.0,1.0,.,0.0,0.80000001,0.47,.,.,156,0.025641,0.833,5.22,.,0.07,.,.,.,0.0,.,0.035999998,0.027586207,.,.,.,.,.
BHS,33.333332,,,,0.8888889,,,,,,,,,,,0.0,1.0,0.0,0.0,0.0,0.0,0.0,85.0,85.0,4.442651000000001,1.0,,,,,77.0,,,,222.9253,,0.6233497,,,,0.44332135,0.88664275,1.329964,1.329964,4437.6465,8875.294,13312.94,1.0,0.0,25.05584,0.0048199,,,85.28277,,10010.0,24.25,-76.0,70.07,0.01352564,,,0.0,0.0,0.0,0.0,1.0,47.2,25.5,0.0,27.3,169376.0,393248.0,25196.2701523627,23971.1079949469,,,4267643453.32658,9426590276.79686,25.24949012100159,-0.000996437268786,0.0169890877930685,10.134451252718105,12.039876374657714,.,0,1.0,0.0,0.833333313,0,.,.,.,.,0.0,3,0.87,.,.,.,.,.,.,.,.,.,0.774456,0,.,1.0,63.39998682,.,.,.,2.0,0.0,.,0.0,0,.,.,.,.,.,0.954,1.5,.,0,.,.,.,0.0,.,.,0.179310345,.,.,.,.,.
BIH,,0.0,,0.0,0.037037037,,,,0.0,67.2865,136.692,104.18,,,,0.0,0.0,0.0,0.0,0.0,0.0,0.0,,,,,,,,,126.0,,,0.0,105.45247,0.6,0.7393743,0.7393743,0.72579646,0.72579646,5.8895125,6.871098,8.83427,8.83427,301543.03,351800.22,452314.6,0.0,0.0,10.030246,0.5451188,0.3280153,0.0,91.39241,0.22394,51200.0,44.0,17.833332,9999.36,0.26658967,8.853665,8.853665,0.0,1.0,0.0,0.0,0.0,4.0,15.0,40.0,41.0,3760536.0,3280815.0,,6077.04356457794,,20.0199983983151,,19937655682.3208,23.59553464624735,,-0.0027256712601874,,15.140072058397823,,,,,,,,,,,,,,,,,,,,,,,,,,,,,,,,,,,,,,,,,,,,,,,,,,,,,,,,
BLR,0.0,0.0,0.0,0.0,0.037037037,,,,0.0,46.7627,687.557,46.7627,,,,1.0,0.0,0.0,0.0,0.0,0.0,0.0,,,,,,,,,58.0,,,0.0,62.24925,0.37,0.73552626,0.7352508,0.7338368,0.73444533,0.4192872,0.8385744,2.5157232,2.5157232,86993.71,173987.42,521962.25,0.0,0.0,6.159533,0.15818562,0.02362426,0.0,51.614815,0.13105,207480.0,53.0,28.0,61331.086,0.01741098,8.411833,8.424529,0.0,1.0,0.0,0.0,0.0,0.0,14.0,0.0,86.0,9040000.0,9398861.0,,6677.99892589229,,26.271716800674803,,62765583662.6109,30.28041062602699,,0.0007788899236871,,16.01716973236836,,,,,,,,,,,,,,,,,,,,,,,,,,,,,,,,,,,,,,,,,,,,,,,,,,,,,,,,
BLZ,50.0,,,,0.8888889,78.6,7.9,1.4,1.0,25.4552,25.7268,1292.66,,,,0.0,1.0,0.0,0.0,0.0,0.0,0.0,,163.3,5.095589,,,,,1.0,105.0,,,0.1,237.98526,0.57,0.6230438,0.68924326,0.62986684,0.6817749,0.58738303,1.1747661,1.5663548,1.5663548,13398.207,26796.414,35728.55,1.0,0.0,25.022453,0.2186459,0.19052811,1.0,161.76096,0.21982,22810.0,17.25,-88.75,640.961,0.14912485,8.101678,8.496565,0.0,0.0,0.0,0.0,1.0,13.2,66.8,0.0,20.0,122184.0,397621.0,1345.23508048953,3582.9781813196,,18.0894449373532,164366203.07453302,1424667367.4344802,21.54436340339407,0.0197857042999325,0.0238800936339265,7.204324057796622,11.713283384250282,,,,,,,,,,,,,,,,,,,,,,,,,,,,,,,,,,,,,,,,,,,,,,,,,,,,,,,,
BOL,61.48693,0.0,0.0,0.0,0.071428575,26.650803,15.971729,4.245973,1.0,453.98,743.672,623.248,16.385303,-5.0,-5.0,1.0,1.0,14300.0,0.0,0.0,0.0,0.0,71.0,71.0,4.2626800000000005,1.0,0.0,1.0,4.0,3.0,155.0,65.6,61.39,0.0113571,271.7995,0.36,0.58997166,0.62788653,0.5822535,0.6177861,0.2766558,0.5533116,0.8299674,0.8299674,300000.0,600000.0,900000.0,0.0,1.0,20.58424,1.2821325,1.453222,0.4729627,92.22411,0.44879,1084380.0,17.0,-65.0,29278.26,0.1836364,8.294049,8.490206,0.0,0.0,0.0,0.0,1.0,2.3,92.5,0.0,5.2,4484004.0,11673029.0,1399.5151863504,2345.48479359273,16.3880152292667,,6275431693.65595,27378912014.667004,17.353143669352793,0.0103808355541081,0.0193195444525202,7.243881160165229,15.31602695523445,6500,0.59941176,0.0,0.0,0.5,0,316.3302,0,3.456353,0.02513803,0.0,3,0,1.87610054,0.016000001,7.045776577,0.015799999,0.05,0.1,0.15,0.1212,0.04,0.880192,0,38.01,1.0,42.8,0.02,0.01089,0.08,0.0,0.0,0.5395,0.0,0.37200001,0.64,46.5771464,0.42809999,3428,0.031796999,0.969,4.11,181,1.19,0,15.18550886,0,1.0,2169.430567,0.015762903,0.296551724,1,0,0,0.73,0.2040449
BRA,23.809525,0.0,0.0,0.0,0.071428575,46.0,9.6,2.0,0.9312326,315.764,683.278,610.338,20.542032,-9.0,-9.0,0.0,1.0,19400.0,2.0,0.1,0.0,1.0,71.0,71.0,4.2626800000000005,1.0,0.092516,1.0,1.0,3.0,130.0,42.4,66.78,0.0332967,245.50893,0.2,0.5814246,0.7152736,0.5552036,0.6899178,0.04728457,0.08274799,0.11821141,0.11821141,400000.03,700000.0,1000000.0,0.0,1.0,24.686508,0.30682787,0.2582925,0.8426988,150.54657,0.62272,8459420.0,10.0,-55.0,576086.5,0.07111247,8.160519,8.661652,0.0,0.0,0.0,0.0,1.0,4.0,87.8,0.1,8.1,95113265.0,212559409.0,4704.317561228189,10672.1777388753,20.5420321064948,15.4048651869991,447443002845.25,2268471792918.29,19.867256080975334,0.0165181288766556,0.0162130901143009,8.456235996064345,18.37057900254141,7700,0.05578093,0.0,0.0,0.333333343,0,116.4905,36.76809,7.235476,0.02452847,0.0,3,0,1.6146245,0.017000001,7.486613313,0.0041,0.06,0.16,0.14,0.119899999,0.02,0.909588,0,48.22,1.0,54.9,0.21,0.4005,0.02,0.0,0.0,0.1485,0.0,0.99800003,0.95,72.06442952,0.435699999,72594,0.028969301,0.858,3.39,97,0.12,0,18.67925087,0,0.0,5193.282002,-0.016507976,0.489655172,0.3378,0,0,0.09,0.3340699
BRB,,1.0,1.0,1.0,0.875,33.6,64.1,1.2,,,,,26.115702,,,0.0,1.0,21000.0,0.0,0.0,0.0,0.0,,85.0,4.442651000000001,,,,,1.0,88.0,,,,270.02716,,0.6068399,,,,0.44332135,0.88664275,1.329964,1.329964,190.62817,381.25638,571.8845,1.0,0.0,26.0125,0.092,,,106.166664,,430.0,13.166667,-59.533333,160.00299,0.257,7.4383836,,0.0,0.0,0.0,0.0,1.0,33.2,5.9,0.2,60.7,238895.0,287371.0,,13249.4232194619,,,,3807500000.0,16.9032457944182,,0.0037018337044985,,12.383779403835776,.,0.07333333,1.0,0.0,1,0,2.1645,.,.,0.00356361,0.0,5,1,1.140713453,0.002,7.888334501,0.025699999,0.03,0.09,0.09,0.064300001,0.01,0.988062,0,99.27,1.0,65.79999475,.,.,0.01,2.0,0.0,1.3415,0.0,0,1,7.462760744,0.380899996,231,0.064935103,0.746,1,110,0,0,13.33075221,0,0.0,55.69279792,0.047445804,0.24137931,.,0,0,1,.
BRN,,,,,0.0,28.1,16.5,3.1,1.0,33.5407,33.5407,1143.0,,,,,,,,,,,,,,,,,,,,,,0.0,274.60184,0.23,0.68064386,,,,,,,,,,,1.0,0.0,25.866446,0.3329661,0.120271794,1.0,242.8123,0.14286,5270.0,4.5,114.666664,90.117004,0.2867077,8.294049,,0.0,0.0,1.0,0.0,0.0,1.1,3.2,64.2,31.5,129530.0,437483.0,,32402.365659982,,40.5532721583649,,14175484136.0259,25.812753242102996,,0.0246412042406269,,11.7716677935243,,,,,,,,,,,,,,,,,,,,,,,,,,,,,,,,,,,,,,,,,,,,,,,,,,,,,,,,
BTN,0.0,0.0,0.0,0.0,0.0,,,,0.0,136.476,506.893,136.476,,-10.0,-10.0,1.0,0.0,0.0,0.0,0.0,0.0,0.0,,,,,,0.0,0.0,1.0,148.0,,,0.4601328,254.11343,0.1,0.7131369,0.71364313,0.71658933,0.7168145,,,,,,,,1.0,0.0,11.383475,2.4242094,1.67523,0.0,139.10776,0.52169,47000.0,27.5,90.5,1400.6,0.5452158,8.612503,8.627033,0.0,0.0,1.0,0.0,0.0,0.0,0.0,5.0,95.0,297307.0,771612.0,,3007.698280730769,,,,2320776085.79123,45.70501922659072,,0.019257408388094,,12.602520553949502,,,,,,,,,,,,,,,,,,,,,,,,,,,,,,,,,,,,,,,,,,,,,,,,,,,,,,,,
BWA,,1.0,0.0,1.0,0.4,26.4,2.4,0.6,0.69481343,799.264,857.53,964.137,45.322697,6.0,6.0,1.0,1.0,0.0,0.0,0.0,0.0,0.0,,,,1.0,,10.0,0.0,1.0,59.0,,,0.3615499,253.61638,0.05,0.7440633,0.7418576,0.7410252,0.7386865,,0.07194141,0.14388283,0.14388283,,40771.355,81542.71,1.0,0.0,21.345104,1.0228169,0.09897913,0.0066155,35.07948,0.38627,566730.0,22.0,24.0,3797.091,0.03103704,6.9077554,7.3547463,1.0,0.0,0.0,0.0,0.0,26.8,9.4,0.0,63.8,627714.0,2351625.0,744.924189918846,7306.50245849385,45.3226976069616,35.7654697931557,467599342.950718,17182153843.9556,30.542292543658217,0.0467234385917438,0.0267675271023348,6.613282454703619,13.34983992770514,8760,0.3775,1.0,0.0,0.5,0,1178.2328,0,0.9687153,0.03314996,0.0,5,0,1.929780722,0.035,6.282266747,0.029999999,0.08,0.21,0.2,0.134000001,0,0.754614,0,62.95,0.0,45.7,0,0.76,0.53,2.0,0.0,0.8515,0.0,0,0.42,7.561942469,0.475899994,481,0.033264,0.75,2.06,131,0,0,12.45813402,0,0.0,57.18297391,-0.049199998,0.013793103,0.5,0,0,0.36,0.0083662
CAF,0.0,0.0,0.0,0.0,0.032258064,11.090158,0.99927604,0.16273737,1.0,1175.28,1241.7,1504.49,17.983673,-7.0,-7.0,1.0,1.0,0.0,0.0,0.0,0.0,0.0,,280.0,5.634789,,,0.0,0.0,1.0,185.0,,,1.0,277.82904,0.21,0.75707865,0.7558454,0.7541203,0.7529753,0.19119325,0.764773,1.529546,1.529546,119113.4,476453.6,952907.2,0.0,1.0,25.087095,0.5805652,0.1259936,0.9562671,113.51056,0.60174,623000.0,7.0,21.0,19313.0,0.04629206,8.006368,8.179803,1.0,0.0,0.0,0.0,0.0,50.0,33.1,3.2,13.7,1811157.0,4829764.0,601.917448461123,377.52736868607104,17.9836725059846,,1090167000.2025,1823368094.2947104,14.504699866143,-0.0092861596470743,0.019810305246557,6.400120307103686,14.409476425543096,5450,0.78555556,0.0,0.0,0,0,406.1147,0,2.6919,0.02255507,0.0,3,0,1.580215096,0.009,6.556778356,0.0231,0.06,0.21,0.36,0.325900001,0,0.992032,0,103.8,0.0,39.3,0,1,0.03,2.0,0.0,0.67,0.0,0,0.32,6.340489226,0.386400014,1534,0.041721001,0.557,6.83,156,0.39,0,13.89241234,0,0.0,40.20180363,-0.002061926,0.24137931,1,0,0,0,0.4432708
CAN,50.461567,1.0,1.0,1.0,0.95454544,38.4,46.20776,13.992241,0.0,1466.67,1567.98,1690.72,21.519423,10.0,10.0,0.0,0.0,185000.0,4.0,7.0,13.0,15.0,16.1,16.1,2.778819,,0.021164,7.0,9.0,7.0,17.0,6.0,78.98,0.0,44.39338,0.06,0.6343793,0.7248683,0.655342,0.7162114,0.01099685,0.01099685,0.02199371,0.02199371,99999.97,99999.97,200000.02,1.0,0.0,-7.9294114,0.3764497,0.3955301,0.0,39.09186,0.85713,9093510.0,60.0,-96.0,458312.9,0.11372162,7.3132205,8.756751,0.0,0.0,0.0,0.0,1.0,29.6,46.6,0.6,23.2,21324000.0,38005238.0,,48617.0878945341,22.198841649025105,22.1003865138034,,1847703996298.69,22.70352458402419,,0.0116248654879824,,16.87534375692479,540,0.37618758,1.0,0.0,1,0,514.8791,13.4373,1.889658,0.01342323,0.0,5,0.61,0.842859507,0.039999999,8.889859588,0.036499999,0.03,0.17,0.13,0.053500001,0.16,0.496884,0,103.62,0.0,71.1,0.05,0,0.03,0.0,0.0,0.4305,0.003,0.243,1,5.395501231,0.335399985,17909,0.074990198,0.488,1,83,0,1,18.68291825,0,0.0,29.11143354,0.01463953,0.186206897,0,0,0,0.96,0
CHE,60.73016,1.0,1.0,1.0,0.95454544,48.68717,36.893364,9.452978,0.0,123.443,279.255,123.915,,10.0,10.0,1.0,0.0,0.0,0.0,0.0,0.0,0.0,,,,0.0,,,,,28.0,,,0.0,90.68175,0.39,0.7324573,0.73256785,0.7186196,0.7190568,7.5,7.5,20.0,20.0,300000.0,300000.0,800000.0,0.0,0.0,6.8829594,1.0084252,0.62970424,0.0,93.590225,0.43939,40000.0,47.0,8.0,4128.0,0.37834188,8.612503,8.666217,0.0,1.0,0.0,0.0,0.0,43.2,52.8,0.3,3.7,6180877.0,8636896.0,,80132.425588101,,26.7030093943469,,692095426032.167,27.90304288604456,,0.0067141009569124,,15.636970728750802,600,0.30759804,0.0,0.0,1,0,7.376,0,148.091,0.00704847,0.0,5,0,0.761273026,0.027000001,9.149421957,0.0297,.,0.114,0.079,0.022299999,0.07,0.50716,0,67.67,0.0,71.3,0.33,0,0.03,0.0,0.0,0.622,0.0,0.83999997,1,3.822352272,0.236300007,5362,0.100522198,0.104,1,127,0,1,17.73651428,0,0.0,14.61037689,0.006139703,0.344827586,0,0,0,1,0
CHL,26.492008,1.0,1.0,1.0,0.875,57.2,26.6,3.8,0.18587278,112.301,111.604,1532.05,19.204185,6.0,6.0,0.0,0.0,21700.0,0.0,0.0,0.0,0.0,68.9,68.9,4.232656,1.0,0.6601819999999999,1.0,5.0,7.0,37.0,12.8,74.94,0.0,162.58899,0.14,0.5787297,0.67198443,0.5741804,0.65961355,0.26709402,0.53418803,0.80128205,0.80128205,200000.0,400000.0,600000.0,0.0,1.0,8.458037,1.1267796,1.222497,0.0,95.09665,0.78216,748800.0,30.0,-71.0,19768.32,0.3566467,8.294049,8.70207,0.0,0.0,0.0,0.0,1.0,1.9,82.1,0.0,16.0,9783134.0,19116209.0,4552.25558836437,14050.1761838708,17.128288301460902,19.8233161499166,44535326423.2174,268586104417.696,20.332215754524675,0.0227961925297557,0.0134876837349715,8.423378122816091,16.096170440575648,8290,0.050625,0.0,0.0,0.833333313,0,98.3452,9.127183,15.93215,0.01830214,0.0,5,0,1.396739602,0.023,7.967280179,0.0262,0.06,0.12,0.2,0.1518,0.04,0.922614,0,60.49,1.0,57.3,0.68,0,0.16,0.0,0.0,0.29,0.0,0.93099999,1,41.64233208,0.393900007,7614,0.047412701,0.956,5.78,100,0.2,0,16.90502412,0,1.0,1734.083821,-0.031845376,0.282758621,0.054,0.04,1,0.42,0
CHN,0.0,0.0,0.0,0.0,0.0,33.306858,11.904527,1.002042,0.031915348,765.061,1090.58,871.236,29.024277,-8.0,-8.0,0.0,0.0,19800.0,0.0,5.0,0.0,3.0,,118.0,4.770685,0.0,,,,,91.0,,,0.0157621,164.60214,0.34,0.6987618,0.6987618,0.706246,0.706246,5.6821713,7.0759115,11.793186,11.793186,53000340.0,66000424.0,110000710.0,0.0,0.0,6.4549265,1.7335886,1.738993,0.0031027,49.430614,0.55619,9327480.0,35.0,105.0,1371139.5,0.23477879,9.1049795,9.1049795,0.0,0.0,1.0,0.0,0.0,0.0,0.0,2.4,97.6,818315000.0,1402112000.0,228.51534633607,8405.18047349612,32.8694767118481,,186997535637.001,11785004404054.6,36.11837585757878,0.0747628181633759,0.0108279545787872,5.43160336928723,20.522757906015173,2100,0.23332644,0.0,0.319999993,0,0.319999993,14.1848,282.7856,65.44478,0.01796106,1.0,0,0,1.681386352,.,6.340359304,.,0.13,0.09,0.12,.,.,0.65439,0,80.03,0.0,46.4,0.12,0.04784,0.05,0.0,0.0,0.067,0.0,0.94,.,3.887909593,0.389800012,657492,0.048318502,0.296,6.33,.,0.04,.,19.73654718,1,0.0,15.115841,0.0128,0.117241379,0.07848,.,0,0,0.0004092
CIV,33.66133,0.0,0.0,0.0,0.032258064,5.886669,2.8361387,1.0761001,1.0,272.162,280.47,400.012,22.495653,-9.0,-9.0,0.0,1.0,7460.0,0.0,0.0,0.0,0.0,668.0,668.0,6.504288,1.0,0.1710559999999999,0.0,0.0,1.0,177.0,87.3,46.72,1.0,251.2374,0.3,0.7385822,0.74001354,0.7212721,0.724082,1.1814605,2.7567413,4.3320217,4.3320217,375704.44,876643.75,1377582.9,0.0,1.0,26.21883,0.28667793,0.1299153,1.0,114.9125,0.32792,318000.0,8.0,-5.0,31005.0,0.05116333,8.160519,8.174421,1.0,0.0,0.0,0.0,0.0,4.7,18.5,24.0,52.8,5102070.0,26378275.0,1940.4014751294296,1714.54069898774,22.4956529301408,,9900064154.21359,45226626056.5907,16.64380575353649,-0.0024719330664251,0.0334036700526501,7.570650176590021,15.445156897699537,5260,0.8565299,0.0,0.0,0.166666672,0,83.7062,30.95911,10.78493,0.03845283,0.0,5,0,2.000668764,0.01,7.021083964,0.035399999,0.03,0.15,0.12,0.078600001,.,0.903102,0,90.35,0.0,39.5,0.18,1,0.03,2.0,0.0,0.641,0.0,0,.,6.643838032,0.408399999,3799,0.023690401,0.94,5.83,185,0,1,15.26357712,0,0.0,44.14058379,7.45058e-09,0.213793103,0.6466,0,0,0,0.7828937
CMR,0.0,0.0,0.0,0.0,0.032258064,21.448267,3.2739508,0.21813726,1.0,405.651,453.531,729.264,16.027657,-7.0,-7.0,0.0,1.0,31900.0,0.0,0.0,0.0,0.0,280.0,280.0,5.634789,1.0,0.09824,0.0,0.0,1.0,161.0,74.4,54.73,1.0,264.02365,0.23,0.75121886,0.7502155,0.74432033,0.7427715,0.19119325,0.764773,1.529546,1.529546,88981.34,355925.38,711850.75,0.0,1.0,25.012573,0.5613708,0.2913535,0.9128441,129.9425,0.50697,465400.0,6.0,12.0,59617.742,0.11221094,8.006368,8.005067,1.0,0.0,0.0,0.0,0.0,18.1,35.0,22.0,24.9,6519754.0,26545864.0,930.99026227326,1490.82964058637,16.0276563140363,23.8006947146954,6069827486.4171295,39575360886.1747,21.08272534837948,0.0094612620572291,0.0284787267938748,6.836248817795148,15.69034720312969,5470,0.85204545,0.0,0.0,0.5,0,87.8611,19.58585,11.87936,0.02634325,0.0,5,0,1.740466237,0.024,6.463029457,0.0221,0.04,0.16,0.19,0.1439,0,0.899314,0,139.59,0.0,43.4,0.13,1,0.09,2.0,0.0,0.4345,0.0,0.007,0.65,6.888900542,0.405200005,5297,0.0347366,0.915,6.06,187,0.08,1,15.03792536,0,0.0,47.45695068,0.013976187,0.324137931,0.8641,0,0,0.16,0.2409442
COG,,0.0,0.0,0.0,0.032258064,15.508538,4.0712957,0.65985215,1.0,507.805,530.122,612.169,24.210518,-7.0,-7.0,0.0,1.0,338000.0,0.0,0.0,0.0,0.0,240.0,240.0,5.480639,1.0,0.047893,5.0,0.0,1.0,181.0,89.5,48.55,1.0,243.5234,0.07,0.7517414,0.7517414,0.7444071,0.7444071,0.19119325,0.764773,1.529546,1.529546,65292.496,261169.98,522339.97,0.0,1.0,24.472746,0.42508623,0.1269713,1.0,136.22838,0.58123,341500.0,1.0,15.0,4883.4497,0.05879196,8.006368,8.006368,1.0,0.0,0.0,0.0,0.0,24.9,53.9,0.4,20.8,1326894.0,5518092.0,1799.0472162341698,2049.41786354009,24.2105182894737,24.855225316837306,2387144956.93783,11308876317.4576,33.97830221572983,0.0026093701631013,0.0289139469502912,7.495012479428335,14.098351430696534,6330,0.66927536,0.0,0.0,0,0,345.6478,12.39925,2.793233,0.02747309,0.0,1,0,1.771896839,0.025,7.023758955,0.031099999,0.04,0.18,0.32,0.2669,0,0.95125,0,143,0.0,47.3,0.05,1,0.17,2.0,0.0,0.883,0.0,0,0.78,5.344503171,0.408199996,988,0.034412999,0.71,6.56,191,0.36,1,13.91944165,1,0.0,28.56371415,0.016126819,0.117241379,0.862,0,0,0,0.0275564
COL,10.119047,1.0,1.0,1.0,0.875,56.823887,12.395759,1.9423836,1.0,200.267,422.649,329.266,20.336226,7.0,7.0,0.0,1.0,57.0,0.0,0.0,0.0,0.0,71.0,71.0,4.2626800000000005,1.0,0.159722,4.0,3.0,5.0,45.0,30.0,70.43,0.2616948,253.3493,0.33,0.607694,0.6854235,0.60234755,0.67332625,0.28882256,0.5776451,0.9627419,0.9627419,320448.62,640897.25,1068162.1,0.0,1.0,24.957228,0.4754667,0.7383939,0.8311759,215.84845,0.54296,1109500.0,4.0,-72.0,30067.451,0.23183145,8.131531,8.51665,0.0,0.0,0.0,0.0,1.0,0.9,96.6,0.2,2.3,21480064.0,50882884.0,2879.2512570657204,7228.43654618322,20.2322848879248,18.833794915232502,61846501273.8521,367803698280.801,20.042958690353345,0.0185803557522872,0.0173976331302501,7.965285559143771,16.882635807116326,4030,0.05579602,0.0,0.0,0.833333313,0,65.1672,30.34203,15.43562,0.02443978,0.0,3,0,1.685101748,0.017000001,7.428927195,0.023,0.05,0.1,0.1,0.059999999,0.02,0.677206,0,61.33,1.0,53.2,0.28,0.26418,0.06,0.0,0.0,0.2725,0.0,0.98000002,0.77,16.96709519,0.46329999,15939,0.032185201,0.919,2.11,81,0,0,17.10545141,0,1.0,287.8823191,0.002061933,0.344827586,0.7533,0.32,1,0.09,0.5668132
COM,,,,,0.03125,,,,,,,,,,,0.0,1.0,0.0,0.0,0.0,0.0,0.0,,,,,,5.0,0.0,1.0,158.0,,,,274.61517,,0.75649226,0.7504911,,,,,4.484305,4.484305,,,8345.291,0.0,1.0,23.72232,0.42176786,,,161.5082,,1861.0,12.166667,44.25,667.5407,1.2417322,,,1.0,0.0,0.0,0.0,0.0,0.1,0.1,99.7,0.1,230055.0,869595.0,,1436.5236021274302,,,,1249193741.79201,17.379054550276713,,0.0269509645483203,,12.34607368975299,.,1,0.0,0.0,0.5,0,10.093,.,.,0.03111847,0.0,5,0,1.945910096,.,6.29710932,.,.,0.178,0.177,.,.,0.998002,0,86.51,0.0,44.8,.,.,0.08,2.0,0.0,0.549,0.0,0,.,.,.,215,0.027907001,.,4.56,.,.,.,11.66774735,.,0.0,.,.,0.2,.,.,.,0.36,.
CPV,,,,,0.03125,,,,,,,,,,,0.0,1.0,0.0,0.0,0.0,0.0,0.0,,,,,,,,,122.0,,,,259.27075,,0.72310317,0.73172784,,,,,2.4813895,2.4813895,,,10000.0,0.0,1.0,21.864225,0.464,,,16.64879,,4030.0,16.0,-24.0,440.076,1.2087786,6.2878585,8.336612,1.0,0.0,0.0,0.0,0.0,3.0,95.9,0.0,1.1,268633.0,555988.0,,3293.71602128856,,50.7971966962533,,1831266583.24418,40.883983470036654,,0.014654348868804,,12.501101414794984,.,0.375,0.0,0.0,0.166666672,.,20.5765,.,.,0.02056486,0.0,1,0,1.985405564,.,6.150602768,.,.,0.059,0.035,.,.,0.9802,0,56.55,0.0,53,.,.,0.01,2.0,0.0,1.065,0.0,0.69999999,.,.,0.434700012,196,0.045918401,0.882,5.61,.,.,.,11.42871743,.,0.0,.,.,0.062068966,.,.,.,0.13,.
CRI,53.0578,1.0,1.0,1.0,0.875,68.7,7.6,3.1,1.0,35.7302,35.4753,1025.33,20.53644,10.0,10.0,0.0,1.0,0.0,0.0,0.0,0.0,0.0,,78.1,4.35799,1.0,1.0,0.0,10.0,7.0,110.0,12.1,76.03,0.0,248.29321,0.65,0.6158119,0.6944881,0.6200209,0.68410635,0.58738303,1.1747661,1.5663548,1.5663548,29991.777,59983.555,79978.07,0.0,1.0,24.907343,0.39548084,0.5169971,1.0,241.71835,0.17624,51060.0,10.0,-84.0,2251.7458,0.37204513,7.824046,8.601551,0.0,0.0,0.0,0.0,1.0,5.8,90.5,0.0,3.7,1847394.0,5094114.0,3732.0631498806897,9619.71602657903,20.5364402034314,15.2193246788945,6894591070.71069,49003930087.0206,21.253969653945266,0.0191175143728925,0.0204933585019919,8.224716483013967,14.429286555327645,3575,0.05321429,0.0,0.0,1,0,41.3107,29.02468,0,0.03017546,0.0,3,0.02,1.623143554,0.011,7.647786045,0.035,0.03,0.14,0.2,0.155,0.05,0.970352,0,82.73,1.0,61.9,1,0.00088,0.04,0.0,0.0,0.638,0.0,0.89099997,0.96,11.81638657,0.474,1236,0.032362498,0.803,1,91,0,0,14.76742168,0,1.0,139.6269915,-0.027087498,0.324137931,0.0001,0,0,0.42,0.2598258
CUB,,0.0,0.0,0.0,0.071428575,67.53813,15.320554,2.447486,1.0,21.0312,21.2422,649.462,25.92694,-7.0,-7.0,,,,,,,,,,,,,,,,,,,0.0,237.38397,0.8,0.62437785,0.72934747,,,0.44332135,0.88664275,1.329964,1.329964,48685.55,97371.11,146056.66,0.0,0.0,25.119175,0.10004062,0.249358,1.0,109.46857,0.0974,109820.0,21.5,-79.5,32243.152,0.13012077,6.684612,8.634992,0.0,0.0,0.0,0.0,1.0,0.8,32.0,0.0,67.2,8712535.0,11326616.0,2249.7506581409502,,25.9269410117525,,19601031350.326,,16.932467159812212,,0.0052616453114593,7.718574670453608,15.98027335125949,,,,,,,,,,,,,,,,,,,,,,,,,,,,,,,,,,,,,,,,,,,,,,,,,,,,,,,,
CYP,62.593754,0.0,0.0,0.0,0.0,59.077488,18.680655,2.5380895,0.0,11.0395,10.9391,555.636,,7.0,7.0,,,,,,,,,,,,,,,,,,,0.0,166.84354,,0.74060154,0.7417224,,,,16.233767,21.645021,21.645021,,150000.0,200000.0,1.0,0.0,18.119528,0.28940594,,0.0,42.99334,,9240.0,35.0,33.0,980.36395,0.3910924,9.047821,9.074807,0.0,1.0,0.0,0.0,0.0,0.6,1.3,18.5,79.6,613618.0,1207361.0,,30438.467516136803,,20.0572917416402,,27215033806.1779,24.596459992659952,,0.0136284253731842,,13.327127863676626,.,0.3,1.0,0.0,0.666666687,0,15.7068,.,.,0.00681857,0.0,5,0,0.930588067,0.024,7.619233416,0.0118,0.03,0.13,0.21,0.176199999,0.01,0.656622,0,51.93,0.0,68.8,.,.,0,2.0,0.0,0.8255,0.773,0.003,1,4.475395087,0.3662,573,0.0593368,0.843,2.11,92,0.12,0,13.97011913,.,0.0,20.02916118,0.002105348,0.296551724,.,0.2,1,1,.
CZE,0.0,0.0,0.0,0.0,0.037037037,57.2,38.2,4.1,0.0,76.9749,434.554,76.9749,,,,1.0,0.0,0.0,0.0,0.0,0.0,0.0,,,,0.0,,,,,65.0,,,0.0,81.4133,0.48,0.74126226,0.74106395,0.7240771,0.72416943,7.9776626,9.972078,23.932987,23.932987,616434.0,770542.5,1849301.9,0.0,0.0,7.7982693,0.39078438,0.1353225,0.0,57.115093,0.21199,77270.0,49.75,15.0,30823.002,0.11843518,8.779557,8.779942,0.0,1.0,0.0,0.0,0.0,4.6,39.2,0.0,56.2,9858071.0,10698896.0,,22843.0385885642,,24.3486086708993,,244395294183.036,28.681117487062284,,0.0016383415784055,,16.10380106849379,,,,,,,,,,,,,,,,,,,,,,,,,,,,,,,,,,,,,,,,,,,,,,,,,,,,,,,,
DEU,63.64003,1.0,1.0,1.0,0.95454544,77.1,19.0,3.1,0.0,41.1696,255.971,46.98,30.505297,,,0.0,0.0,5580.0,0.0,0.0,0.0,0.0,,,,,,,,,20.0,,,0.0,70.12492,0.49,0.73323935,0.7336643,0.7233314,0.72395843,8.59722,10.03009,25.79166,25.79166,2998452.5,3498194.5,8995357.0,0.0,0.0,8.265703,0.28374946,0.2093755,0.0,62.540558,0.31682,348770.0,51.0,10.5,117988.9,0.08862069,8.987197,8.990504,0.0,1.0,0.0,0.0,0.0,46.4,35.0,0.02,18.58,78169289.0,83240525.0,19681.3233856845,45065.0824555703,32.7042447358704,20.3509061499356,1538475055638.03,3751241122769.96,23.46352915362945,0.0167067747458848,0.0012579397821372,9.887425413552933,18.174387404594192,240,0.04375527,0.0,0.0,1,0,6.3008,120.6083,239.8791,0.00290832,0.0,5,0,0.734768867,0.045000002,8.790269111,0.0211,0.04,0.17,0.15,0.083899999,0.06,0.484274,0,66.44,0.0,69.4,0.94,0,0,0.0,0.0,0.3965,0.0,0.949,1,3.49356456,0.213300005,55433,0.1084553,0.109,1,109,0.08,1,19.71319947,0,0.0,12.20499334,0.00207179,0.482758621,0,0,0,0.8,0
DJI,,,,,0.0,,,,1.0,35.2189,35.2859,1762.04,,,,0.0,1.0,0.0,0.0,0.0,0.0,0.0,,26.0,3.258096,,,,,,171.0,,,1.0,284.39404,0.01,0.7700091,,0.7809053,,0.30744636,0.6148927,1.2297854,1.2297854,7126.6064,14253.213,28506.426,0.0,1.0,27.889858,0.4418575,0.19706869,0.0,20.229816,0.33753,23180.0,11.5,42.5,9.271999,0.1855183,,,1.0,0.0,0.0,0.0,0.0,0.2,6.7,90.6,2.5,159662.0,988002.0,,,,,,,19.08762825092825,,0.0371250527100839,,11.980814359740398,,,,,,,,,,,,,,,,,,,,,,,,,,,,,,,,,,,,,,,,,,,,,,,,,,,,,,,,
DMA,,,,,0.8888889,,,,,,,,,,,,,,,,,,,,,,,,,,,,,,267.7345,,0.60918844,,,,0.44332135,0.88664275,1.329964,1.329964,332.491,664.98206,997.473,1.0,0.0,,,,,,,750.0,15.416667,-61.333332,50.025,,,,0.0,0.0,0.0,0.0,1.0,8.3,89.8,0.0,1.9,71084.0,71991.0,,5741.218243398871,,,,413316042.560528,,,0.0002536088508817,,11.171617555305376,.,0.5,1.0,0.0,0.666666687,0,.,.,.,.,0.0,5,0.29,.,.,.,.,.,.,.,.,.,0.8872,0,.,1.0,.,.,.,0.01,2.0,0.0,.,0.0,0.778,.,.,.,.,.,0.807,2,.,0.45,.,.,.,0.0,.,.,0.137931034,.,.,.,.,.
DNK,25.0,1.0,1.0,1.0,0.95454544,58.665897,27.243576,10.341767,0.0,22.7144,22.5183,295.581,26.177177,10.0,10.0,0.0,0.0,141000.0,0.0,0.0,0.0,0.0,,,,,,,,,5.0,,,0.0,54.91505,0.53,0.7311118,0.7312905,,,4.713646,9.427292,14.140938,14.140938,200000.0,400000.0,600000.0,0.0,0.0,7.945315,0.0242489,0.01870212,0.0,57.177498,0.35444,42430.0,56.0,10.0,22810.367,0.02767103,8.612503,8.623533,0.0,1.0,0.0,0.0,0.0,95.2,0.6,0.2,4.0,4928757.0,5831404.0,30541.9295752224,63880.093657245,26.7461771175803,23.174762330747495,150533749187.384,372510633673.233,22.08498607848808,0.0148675853456887,0.0033690820067384,10.326855758676611,15.410597384411362,765,0.0275,0.0,0.0,1,0,9.2622,112.1376,0,0.00371441,0.0,4,0,0.767326593,0.028000001,8.818778169,0.0339,0.05,0.18,0.16,0.095099999,0.1,0.984086,0,70.24,0.0,72.2,1,0,0.01,0.0,0.0,0.5835,0.0,0.005,1,6.936782536,0.252400011,4581,0.105872102,0.46,1,112,0,0,17.24845076,0,0.0,48.11895196,-0.005370423,0.420689655,0,0,0,0.78,0
DOM,13.155673,0.0,1.0,1.0,0.071428575,45.899998,12.1,1.9,1.0,29.725,30.1839,1013.64,19.139626,-3.0,-3.0,0.0,1.0,0.0,0.0,0.0,0.0,0.0,130.0,130.0,4.867535,1.0,1.0,1.0,1.0,3.0,116.0,33.6,70.61,0.0,251.88348,0.92,0.61540747,0.73029333,,,0.44332135,0.88664275,1.329964,1.329964,21447.887,42895.777,64343.66,0.0,1.0,24.553793,0.31058496,0.5938541,1.0,125.97045,0.03332,48380.0,19.0,-70.666664,10958.069,0.31631872,7.3132205,8.533565,0.0,0.0,0.0,0.0,1.0,1.4,96.6,0.0,2.0,4499722.0,10847904.0,1699.03077241541,7389.6905323498495,19.1434533826994,25.381662572683897,7645166145.31461,80162653484.6401,21.560818505380876,0.0298370213873191,0.0177549024008643,7.437813233582902,15.319526175054444,2420,0.01083056,0.0,0.0,0.833333313,0,14.9737,78.66887,0,0.02682861,0.0,3,0,1.814336061,0.039000001,7.085901464,0.0187,0.05,0.17,0.18,0.120299999,0.01,0.956888,0,90.57,1.0,52.2,1,0.938,0.02,0.0,0.0,0.431,0.0,0.87,0.98,11.2942313,0.468199998,3231,0.0303312,0.804,2.17,129,0.36,0,15.16644843,0,0.0,127.5596607,0.065232515,0.179310345,0,0.04,1,0,0
DZA,0.0,0.0,0.0,0.0,0.0,13.0,2.2,0.3,0.16665584,765.93,765.875,1353.35,36.64907,-9.0,-9.0,0.0,0.0,339000.0,0.0,0.0,0.0,0.0,,78.2,4.35927,1.0,0.047186,0.0,0.0,1.0,152.0,43.8,68.89,0.0,209.10266,0.04,0.7380005,0.7380005,0.733794,0.733794,0.8397222,0.8397222,0.6297917,0.6297917,2000000.0,2000000.0,1500000.0,0.0,1.0,22.768929,0.56261605,0.3268848,0.0,8.670195,0.86241,2381740.0,28.0,3.0,76692.03,0.08436147,8.294049,8.294049,1.0,0.0,0.0,0.0,0.0,0.0,0.5,99.1,0.4,14464992.0,43851043.0,2708.46404566189,4362.73953647076,36.64906885273479,44.8293102122622,39177910752.7868,191310679011.57895,35.401037635149486,0.00957996675558,0.0224291773964402,7.904136980378827,16.48724194333311,1675,0.29372404,0.0,0.0,0.166666672,0,220.5315,74.74003,1.552617,0.02841708,0.0,0,0,2.003100395,0.029999999,7.451822237,0.0297,0.23,0.15,0.17,0.107300001,0,0.764248,0,97.96,0.0,47.3,0.05,0.09,0.2,2.0,1.0,0.4695,0.0,0.83600003,0.46,6.451052924,0.437299997,10800,0.0385185,0.933,5.83,190,0.12,1,16.73912365,1,0.0,41.61608383,0.100144848,0.35862069,0.12865,0,1,0,0
ECU,33.928574,0.0,0.0,0.0,0.071428575,53.76238,9.481094,2.2228687,1.0,185.354,188.69,623.703,15.531661,0.0,0.0,0.0,0.0,141.0,0.0,0.0,0.0,0.0,71.0,71.0,4.2626800000000005,1.0,0.368411,1.0,1.0,3.0,139.0,45.6,69.52,0.195974,273.24512,0.52,0.60609674,0.65408444,0.59835434,0.6428575,0.72243893,1.4448779,2.167317,2.167317,200000.0,400000.0,600000.0,0.0,1.0,22.407665,0.74211675,1.038163,0.5125517,155.37218,0.34267,276840.0,2.0,-77.5,16167.456,0.35542932,8.294049,8.502429,0.0,0.0,0.0,0.0,1.0,1.9,96.4,0.0,1.7,6069375.0,17643060.0,2487.7336881864603,4628.31668018853,19.5599154460542,23.117457785052,15098988653.7367,81657668887.567,23.39517049704225,0.0124938258633215,0.0215711010558561,7.8191274096197745,15.618766192330757,4580,0.32535714,0.0,0.0,0.666666687,0,62.7328,30.30622,11.7418,0.0294809,0.0,3,0,1.848139763,0.021,7.286876412,0.0155,0.08,0.11,0.17,0.132500001,0.03,0.784258,0,26.54,1.0,53.4,0.38,0.2135,0.1,0.0,0.0,0.4015,0.0,0.71399999,0.83,15.70970758,0.448199987,4413,0.0401088,0.983,3.72,113,0.56,1,15.67918642,0,1.0,246.7949121,0.030228086,0.386206897,0.4694,0,0,0.84,0.3890733
EGY,11.904762,0.0,0.0,0.0,0.0,4.0548263,4.4393835,2.6947265,0.19827393,224.202,331.364,297.883,13.94847,-7.0,-7.0,0.0,0.0,111000.0,0.0,0.0,0.0,0.0,67.8,67.8,4.216562000000001,1.0,0.239163,0.0,7.0,7.0,109.0,50.5,66.27,0.0,223.94995,0.00416,0.75570923,0.7563203,0.76004946,0.7607694,4.0182834,5.022854,4.0182834,4.0182834,4000000.2,5000000.0,4000000.2,0.0,1.0,22.031137,0.2713458,0.215203,0.0,2.910641,0.37523,995450.0,27.0,30.0,27972.145,0.09016253,8.881836,8.864888,1.0,0.0,0.0,0.0,0.0,0.2,0.2,81.8,17.8,34513851.0,102334403.0,730.423016010047,3058.31071773864,14.6020739630185,13.8213058419244,25209711141.5414,312970401488.285,20.253242291673896,0.0290539479037137,0.0219756889701256,6.5936238402985845,17.356871279691624,3250,0.02306182,1.0,0.0,0.166666672,0,38.4017,64.09662,21.52594,0.02379224,0.0,1,0,1.802369714,0.061999999,6.695798917,0.045000002,0.01,0.21,0.28,0.176999999,0.05,0.67591,0,287.27,0.0,46.4,0.39,0.028,0.03,1.0,0.0,0.358,0.066,0.97000003,0.66,9.214770546,0.424299985,25922,0.0328293,0.729,5.11,168,0.16,1,16.85864623,0,0.0,84.91199621,0.010265417,0.406896552,0.124875,0.08,1,0,0
ERI,,,,,0.03125,,,,1.0,93.3819,93.3543,1210.58,,,,0.0,1.0,0.0,0.0,0.0,0.0,0.0,,,,,,,,,182.0,,,0.7645485,283.20444,0.06,0.7690088,0.7682904,0.7791992,0.777931,0.45413262,0.90826523,1.8165305,1.8165305,45867.395,91734.79,183469.58,0.0,1.0,26.98546,0.56432045,0.5268354,0.0,20.231846,0.59234,101000.0,15.0,39.0,5595.4,0.23141149,,,1.0,0.0,0.0,0.0,0.0,,0.0,33.0,,1310947.0,,,,,,,,21.82236829756787,,,,14.086260334773794,,,,,,,,,,,,,,,,,,,,,,,,,,,,,,,,,,,,,,,,,,,,,,,,,,,,,,,,
ESP,37.812565,0.0,0.0,0.0,0.0,47.51287,3.55122,2.2654333,0.0,122.18,141.557,271.12,27.576052,-7.0,-7.0,0.0,0.0,575.0,0.0,0.0,0.0,3.0,,,,,,,,,44.0,,,0.0,134.85617,0.56,0.7256513,0.7260023,0.70846736,0.70900255,9.018036,8.016032,13.026052,13.026052,4500000.0,4000000.0,6500000.0,0.0,1.0,14.138836,0.5339399,0.3427939,0.0,55.72676,0.22311,499000.0,40.0,-4.0,133981.5,0.31377453,8.881836,8.882334,0.0,1.0,0.0,0.0,0.0,0.1,96.9,0.0,3.0,33814531.0,47351567.0,13571.9176366972,29600.3523833162,28.358709532718,20.4584478175052,458928029655.545,1401623069102.21,24.205840043072328,0.0157179168957919,0.0067569114480061,9.515758057266284,17.33640117931049,1420,0.27451613,0.0,0.0,0.166666672,0,16.3993,98.96389,39.98909,0.00882992,0.0,5,0,1.055704713,0.02,8.046549357,0.0097,0.03,0.1,0.11,0.0793,0.04,1,0,48.44,0.0,68.9,0.46,0,0.01,0.0,0.0,0.2705,0.0,0.72799999,1,9.586527695,0.274100006,30455,0.082055502,0.465,2.39,89,0.08,0,18.37055482,0,0.0,91.90151325,-0.02567675,0.848275862,0,0,0,0.78,0
EST,0.0,0.0,0.0,0.0,0.037037037,61.66985,25.131182,7.910737,0.0,84.0404,507.834,168.64,,,,0.0,0.0,,0.0,0.0,0.0,0.0,,,,,,,,,21.0,,,0.0,52.00741,0.38,0.73076355,0.7316358,0.7314046,0.73356706,0.4192872,0.8385744,2.5157232,2.5157232,17773.584,35547.168,106641.51,0.0,0.0,5.2944508,0.04822372,0.03139919,0.0,52.444866,0.18119,42390.0,59.0,26.0,8431.371,0.02677593,8.216088,8.323123,0.0,1.0,0.0,0.0,0.0,66.0,2.0,0.01,31.99,1360076.0,1331057.0,,20161.6512475064,,30.664488626910305,,26836307024.5521,29.245406614606285,,-0.0004312513264012,,14.123051138503817,,,,,,,,,,,,,,,,,,,,,,,,,,,,,,,,,,,,,,,,,,,,,,,,,,,,,,,,
ETH,17.132717,0.0,0.0,0.0,0.032258064,,,,1.0,492.78,492.893,1911.57,,-9.0,-9.0,0.0,1.0,0.0,0.0,0.0,0.0,0.0,26.0,26.0,3.258096,1.0,0.021018,0.0,5.0,7.0,127.0,116.0,43.32,0.5806273,298.47333,0.42,0.7743011,0.7743011,0.7825676,0.7825676,0.45413262,0.90826523,1.8165305,1.8165305,454132.62,908265.25,1816530.5,0.0,1.0,23.64513,1.1027966,0.6361569,0.2146411,63.285618,0.48963,1000000.0,8.0,38.0,100000.0,0.24749132,8.294049,8.294049,1.0,0.0,0.0,0.0,0.0,3.8,0.7,31.4,64.1,28415080.0,114963583.0,,623.095140151288,,30.7521539710326,,71633249861.6793,8.962236504848935,,0.0283482850801657,,17.16243054812379,5740,0.67708246,0.0,0.0,0.166666672,0,41.3377,18.25667,25.69841,0.02277152,0.0,0,0,1.759924769,0.022,5.549076085,0.0095,0.01,0.1,0.16,0.1325,0,0.340666,0,137.92,0.0,42.2,0.02,0.85,0,0.0,0.0,0.2465,0.363,0.002,0.07,5.807738006,0.445100009,24191,0.0254227,0.983,6.67,98,0.72,0,15.64281203,1,0.0,33.72982075,-0.038946468,0.103448276,0.9492,1,1,0,0.2629544
FIN,46.210922,1.0,1.0,1.0,0.95454544,68.86107,24.0,6.1,0.0,181.67,494.863,314.631,30.706713,10.0,10.0,0.0,0.0,0.0,0.0,0.0,0.0,0.0,,,,,,,,,11.0,,,0.0,43.60601,0.03,0.7301581,0.7301581,0.73124224,0.73124224,,,0.3283102,0.3283102,,,100000.0,0.0,0.0,1.0262134,0.17316511,0.110199,0.0,46.18288,0.83964,304590.0,64.0,26.0,21839.104,0.04397741,8.160519,8.160519,0.0,1.0,0.0,0.0,0.0,93.1,0.1,0.0,6.8,4606307.0,5530719.0,18267.4580230855,47863.7980745102,31.8245159199546,23.9915440882312,84145519763.9448,264721217422.857,25.571960004118157,0.0194515271683013,0.0036645254910734,9.812876505761295,15.3429370093344,1640,0.105,0.0,0.0,0.833333313,0,68.7562,33.61261,7.619513,0.00421488,0.0,4,0,0.6486727,0.018999999,8.573762543,0.044599999,0.04,0.15,0.13,0.062400002,0.07,0.964614,0,59.9,0.0,68.5,0.29,0,0,1.0,0.0,0.4775,0.017,0,0.97,7.336706047,0.304100007,4430,0.072008997,0.333,1.83,126,0,0,16.96991741,0,0.0,53.82725562,0.002455212,0.586206897,0,0,0,0.78,0
FJI,,1.0,0.0,1.0,0.5,66.399925,7.9180875,3.0650187,,,,,22.158499,9.0,9.0,0.0,0.0,0.0,0.0,0.0,0.0,0.0,,11.4,2.433613,,,9.0,0.0,1.0,60.0,,,,249.97873,,0.63098115,0.6746733,,,0.71428573,1.2755102,1.5306122,1.5306122,13050.0,23303.57,27964.285,1.0,0.0,24.496235,0.1671021,,,191.02933,,18270.0,18.0,178.0,2000.565,0.22243376,,,0.0,0.0,0.0,1.0,0.0,39.1,9.0,7.8,44.1,520561.0,896444.0,2207.4906796080604,3808.20365540165,,15.8614208942258,1149133555.66745,3413841317.66288,19.297580076190084,0.0109657107609659,0.0109298743735308,7.699611710321098,13.162662355175163,.,0.8,1.0,0.0,0.833333313,0,45.6853,.,.,0.02236339,1.0,5,0.01,1.469485879,.,7.65349491,0.0128,0.05,0.14,0.17,0.124099999,0,0.681836,0.114,46.03,0.0,59.2,.,.,0.04,2.0,0.0,0.9905,0.0,0,0.85,6.642858498,0.479799986,394,0.025380701,0.977,2.61,93,0,0,13.62984582,.,0.0,44.12756902,0.0504,0.117241379,.,0,0,0.34,.
FRA,56.49534,1.0,1.0,1.0,0.95454544,82.44079,12.207735,4.501201,0.0,53.7245,183.881,83.0762,25.718819,8.0,8.0,0.0,0.0,3090.0,0.0,1.0,0.0,0.0,,2.88,1.05779,,,,,,34.0,,,0.0,91.52472,0.68,0.7293011,0.72942877,0.7142469,0.7153918,9.089256,11.816033,27.267769,27.267769,5000000.0,6500000.0,15000000.0,0.0,1.0,10.526461,0.366072,0.3732236,0.0,71.41478,0.21456,550100.0,46.0,2.0,184393.52,0.16338444,8.922658,8.898557,0.0,1.0,0.0,0.0,0.0,2.4,76.4,3.0,18.2,51957747.0,67391582.0,19984.5861409616,40520.6517970746,28.1921748953842,24.057602041644696,1038354070611.79,2730750828276.0,23.84189594639371,0.0142374097136792,0.0052153384442323,9.902716562447718,17.765941388549454,440,0.14548394,0.0,0.0,0.833333313,0,12.0414,88.70178,88.60191,0.00707771,0.0,4,0,0.925052285,0.059,8.669570872,0.0231,0.03,0.17,0.16,0.0799,0.08,0.94334,0,82.04,0.0,70.4,0.85,0,0,0.0,0.0,0.3055,0.0,1.00399995,1,6.417260754,0.263799995,45684,0.116386503,0.253,1,98,0,0,19.39907428,0,0.0,41.18123558,0.000388734,0.786206897,0,0,0,0.8,0
GAB,0.0,0.0,0.0,0.0,0.032258064,14.002131,2.5632641,0.8766416,1.0,236.024,240.752,595.014,31.9553,-9.0,-9.0,0.0,1.0,579000.0,0.0,0.0,0.0,0.0,280.0,280.0,5.634789,,0.261791,0.0,0.0,1.0,170.0,87.3,52.42,1.0,237.3978,0.18,0.74879223,0.74937433,0.739282,0.74064463,0.19119325,0.764773,1.529546,1.529546,49264.766,197059.06,394118.12,0.0,1.0,24.688751,0.3742385,0.2085247,1.0,156.95178,0.49673,257670.0,1.0,11.75,3246.642,0.08556245,8.006368,8.021305,1.0,0.0,0.0,0.0,0.0,18.8,65.2,0.8,15.2,589317.0,2225728.0,7205.87020310234,8839.76017048115,31.9553001217206,21.6137370680025,4246541810.481661,19674901724.7247,31.31075810494922,0.0040956392283866,0.0269338334573898,8.882651278809197,13.286719518195424,5790,0.79666667,0.0,0.0,0.166666672,0,530.1852,3.438613,1.382892,0.03023303,0.0,5,0,1.437937617,0.01,7.489412084,0.022399999,0.13,0.15,0.09,0.060600001,0,0.877262,0,115.11,0.0,40.9,0.27,1,0.22,2.0,1.0,1.055,0.0,0.06,1,6.912998762,0.324600011,486,0.063786,0.91,6,169,0.12,0,13.67562071,0,0.0,47.78955188,0.073570676,0.234482759,0.6198,0,0,0,0.1669023
GBR,50.813717,1.0,1.0,1.0,0.95454544,62.591824,28.204124,7.4837666,0.0,29.4346,45.0175,111.003,20.09336,10.0,10.0,0.0,0.0,71700.0,0.0,0.0,0.0,0.0,,2.55,0.9360933,0.0,,,,,7.0,,,0.0,56.198067,0.49,0.7274488,0.7275786,,,2.893399,7.026826,17.567064,17.567064,700000.0,1700000.0,4250000.0,1.0,0.0,8.462253,0.12493271,0.1186305,0.0,96.35587,0.41593,241930.0,54.0,-4.0,58764.8,0.11181667,8.612503,8.621426,0.0,1.0,0.0,0.0,0.0,16.1,13.1,1.4,69.4,55663250.0,67215293.0,17874.813416953402,39102.8965780963,24.1804705147748,16.9637965965591,994970207931.23,2628312650645.44,20.114024400182757,0.0157792763873039,0.0037787345112278,9.791147929295333,17.83483070258375,320,0.10628458,0.0,0.0,1,0,4.6132,199.0842,537.0287,0.00276849,0.0,4,0.97,0.893226802,0.063000001,8.828054537,0.034499999,0.08,0.2,0.2,0.1005,0.09,0.829218,0,79.31,0.0,70.8,1,0,0.02,0.0,0.0,0.45,0.0,0,0.92,7.683768434,0.232500002,52372,0.116837204,0.167,1,99,0.24,1,19.69418191,0,0.0,59.04029734,-0.013620205,0.551724138,0,0,0,0.78,0
GEO,0.0,0.0,0.0,0.0,0.037037037,,,,0.0,240.333,239.982,583.045,,,,0.0,0.0,0.0,0.0,0.0,0.0,0.0,,,,,,,,,9.0,,,0.0,121.2428,0.48,0.74228275,0.74254113,0.7458999,0.7459101,0.63829786,1.0638298,2.6595745,2.6595745,44355.316,73925.53,184813.83,0.0,0.0,7.3989997,1.3798996,0.76194847,0.0,87.02828,0.41273,69490.0,42.0,43.499905,7928.809,0.5690665,8.699514,8.75857,0.0,0.0,1.0,0.0,0.0,0.0,1.0,11.0,88.0,4119900.0,3714000.0,2498.12235924596,4678.66257824508,,26.1517543996286,10292014307.8574,17376552815.6022,25.46541848550461,0.012628532921016,-0.0020722385088144,7.823294672370593,15.231339449186484,,,,,,,,,,,,,,,,,,,,,,,,,,,,,,,,,,,,,,,,,,,,,,,,,,,,,,,,
GHA,20.319418,1.0,1.0,1.0,0.0,5.8,16.1,0.4,1.0,277.571,278.51,748.374,14.1504,3.0,3.0,0.0,1.0,30.0,0.0,0.0,0.0,0.0,668.0,668.0,6.504288,1.0,0.192991,0.0,0.0,1.0,64.0,65.8,60.0,1.0,254.76007,0.45,0.74177074,0.7418905,0.72738713,0.727641,1.1814605,2.7567413,4.3320217,4.3320217,268829.53,627268.94,985708.25,1.0,0.0,27.243994,0.18577497,0.08100254,0.8288805,100.88946,0.2452,227540.0,8.0,-2.0,39500.945,0.05559295,8.160519,8.156682,1.0,0.0,0.0,0.0,0.0,25.8,18.7,15.7,39.8,8735493.0,31072945.0,1077.1395692556698,1848.2502955922896,14.165559982293,,9409345167.25593,57430579781.1731,17.95717999368857,0.0108571239082206,0.0257036475334304,6.98206425952687,15.9829049395684,5190,0.70607077,1.0,0.0,0.166666672,0,33.5902,77.20781,24.16616,0.02727602,0.0,3,0,1.902853489,0.017999999,6.795705775,0.026000001,0.02,0.13,0.11,0.065,0,0.821496,0,158.22,0.0,45.2,0.19,1,0.02,2.0,0.0,0.3845,0.0,0,0.38,25.81073027,0.445899993,6774,0.025391201,0.994,5.89,248,0.55,0,15.61655281,0,0.0,666.1937971,0.029546417,0.310344828,0.5747,0,0,0.22,0.9240435
GIN,,0.0,0.0,0.0,0.032258064,,,,1.0,280.026,307.53,309.845,,-9.0,-9.0,0.0,1.0,0.0,0.0,0.0,0.0,0.0,483.0,483.0,6.180016999999999,,0.140641,0.0,0.0,1.0,178.0,124.0,46.5,1.0,263.11,0.57,0.7309029,0.73179257,0.7109438,0.7127365,1.1814605,2.7567413,4.3320217,4.3320217,290308.47,677386.44,1064464.4,0.0,1.0,25.785257,0.38598803,0.2020994,0.9878578,146.57538,0.16654,245720.0,11.0,-10.0,9755.084,0.08287577,8.0864105,8.055634,1.0,0.0,0.0,0.0,0.0,0.1,1.1,69.0,29.8,4154606.0,13132792.0,,959.978704251001,,20.2018025922727,,12607200647.3579,21.423872735378435,,0.0232848502515037,,15.23972815626403,4920,0.75983,0.0,0.0,0,0,78.3546,26.93913,12.10934,0.01917827,0.0,5,0,.,0.025,6.326149473,.,.,0.075,0.095,.,0,0.511128,0,156.68,0.0,.,0.17,1,0.08,2.0,0.0,0.2965,0.0,0,.,.,0.414299995,3136,0.0248724,.,7,.,0.16,.,14.37685285,0,0.0,.,.,0.365517241,0.7507,0,0,0.2,0.4524797
GMB,0.0,1.0,0.0,0.0,0.4,1.1849912,3.3033004,0.22021535,1.0,26.2397,139.565,36.5791,6.889812,8.0,8.0,0.0,1.0,0.0,0.0,0.0,0.0,0.0,1470.0,1470.0,7.293017999999999,1.0,0.3997699999999999,10.0,0.0,1.0,147.0,122.0,47.0,1.0,262.7,0.46,0.7286234,0.7285897,0.70749897,0.70749897,1.1814605,2.7567413,4.3320217,4.3320217,11814.605,27567.412,43320.22,1.0,0.0,27.913797,0.03343553,0.01448308,0.992629,78.245056,0.0798,10000.0,13.466666,-15.5,2850.0,0.01265083,8.006368,8.012184,1.0,0.0,0.0,0.0,0.0,0.4,1.9,84.8,12.9,464404.0,2416664.0,743.2164683205299,791.953878049397,6.889857732905001,,345152700.753927,1913886426.74237,14.152800331470118,0.0012711233816202,0.0335378988442094,6.610987345920074,13.048510142033209,4660,0.78037037,1.0,0.0,0.833333313,0,28.4091,63.06274,25.30601,0.03000359,0.0,5,0,1.871802211,0,6.400257445,0.0211,0.01,0.22,0.2,0.1759,0,0.678592,0.001,162.64,0.0,32.3,1,1,0,2.0,0.0,0.685,0.0,0,0.12,9.081664914,0.394499987,352,0.03125,1,2.44,150,0.05,0,12.26388862,0,0.0,82.47663762,-0.006317891,0,0.3605,0,0,0.22,0.6478711
GNB,,,,,0.03125,,,,1.0,42.2559,95.8202,55.1712,29.572958,,,0.0,1.0,0.0,0.0,0.0,0.0,0.0,,164.66,5.103883000000001,1.0,,0.0,0.0,1.0,179.0,,,1.0,256.6096,0.62,0.7294767,0.729354,0.7087665,0.7089991,1.1814605,2.7567413,4.3320217,4.3320217,33222.668,77519.56,121816.45,0.0,1.0,27.089224,0.05635781,0.04332753,1.0,152.79639,0.05828,28120.0,12.0,-15.0,3000.404,0.02745672,8.006368,8.052773,1.0,0.0,0.0,0.0,0.0,0.6,10.2,38.3,50.9,704937.0,1967998.0,492.749551579302,590.193738243452,29.5728971011409,16.7471662540954,347357390.641658,1161500096.47564,20.024803382591152,0.0036155166069369,0.020745530418218,6.200001035995484,13.465863716099284,4780,0.85,0.0,0.0,0.166666672,0,51.8819,22.02495,11.19035,0.01900877,0.0,1,0,1.77596879,.,6.22059017,.,.,0.166,0.17,.,0,0.6802,0,77.33,0.0,34.8,1,1,0,2.0,0.0,0.3695,0.0,0,0.25,27.9,.,542,0.0332103,0.988,6.11,190,0.31,0,12.51585617,0,0.0,778.41,.,0.206896552,0.2316,0,0,0.18,0.5064126
GNQ,,0.0,0.0,0.0,0.032258064,,,,1.0,85.1343,93.6838,586.639,19.878532,-7.0,-7.0,,,,,,,,,,,,,,,,,,,1.0,239.83649,0.06,0.7489575,0.7493772,,,0.19119325,0.764773,1.529546,1.529546,5362.9707,21451.883,42903.766,0.0,1.0,24.793095,0.38097206,0.12988429,1.0,199.91388,0.57469,28050.0,2.0,10.0,1298.7151,0.25756177,,,1.0,0.0,0.0,0.0,0.0,4.9,71.3,0.5,23.3,303986.0,1402985.0,,8465.976404100771,,5.31044743696408,,11877637905.3073,25.85774045698243,,0.0310601191403498,,12.624736926696324,,,,,,,,,,,,,,,,,,,,,,,,,,,,,,,,,,,,,,,,,,,,,,,,,,,,,,,,
GRC,7.1428576,0.0,0.0,0.0,1.0,54.516403,26.453138,3.491911,0.0,41.1515,41.4147,518.77,32.428005,-7.0,-7.0,0.0,0.0,4010.0,0.0,0.0,0.0,0.0,,,,,,,,,78.0,,,0.0,141.51099,0.79,0.7420514,0.7420514,0.7251859,0.7251859,15.515903,7.7579517,7.7579517,7.7579517,2000000.0,1000000.0,1000000.0,0.0,1.0,14.758135,0.3766997,0.393336,0.0,58.98445,0.06405,128900.0,39.0,22.0,27404.14,0.44712543,9.047821,9.047821,0.0,1.0,0.0,0.0,0.0,0.1,0.4,1.5,98.0,8792806.0,10715549.0,13279.2942171802,21577.2079907861,36.4578468712488,13.449867502672602,116762257868.588,231211629508.46,25.93021438489606,0.0097559131652056,0.0039630718236616,9.49396127532144,15.989444445113085,2130,0.07777778,0.0,0.0,0.166666672,0,15.4798,69.06823,30.08471,0.00687303,0.0,4,0,0.871293366,0.041000001,7.646353722,0.0137,0.07,0.13,0.12,0.064299999,0.04,0.740986,0,65.51,0.0,68.8,0.93,0,0.02,0.0,0.0,0.3155,0.833,0,1,10.92719492,0.264600009,8327,0.0825027,0.654,1.94,116,0.2,0,16.67361225,0,0.0,119.4035887,-0.020582363,0.448275862,0,0.08,1,0.8,0
GRD,,,,,0.8888889,,,,,,,,,,,,,,,,,,,,,,,,,,,,,,275.11792,,0.60715914,,,,0.44332135,0.88664275,1.329964,1.329964,150.72926,301.45853,452.18777,1.0,0.0,25.891666,0.2,,,132.84166,,340.0,12.116667,-61.666668,9.996,0.6,7.6009026,,0.0,0.0,0.0,0.0,1.0,13.2,64.4,0.2,22.2,94476.0,112519.0,,8152.70950996027,,,,917334721.3512188,,,0.0035016417187152,,11.456101112972467,.,0,1.0,0.0,0.666666687,0,.,.,.,.,0.0,3,1,.,.,.,0.053599998,.,.,.,.,.,0.506728,0.001,.,1.0,.,.,.,0,2.0,0.0,.,0.0,0,.,.,.,.,.,0.962,3.17,.,0.27,.,.,.,0.0,.,.,0.172413793,.,.,.,.,.
GTM,36.00315,1.0,1.0,1.0,0.0,22.328499,4.0269165,0.9141384,1.0,104.895,105.096,1494.16,12.82563,1.0,1.0,0.0,1.0,2700.0,0.0,0.0,0.0,0.0,71.0,71.0,4.2626800000000005,,0.425458,1.0,0.0,1.0,93.0,46.0,64.04,0.0153678,253.56439,0.9,0.6218456,0.64961517,0.63227004,0.6532363,0.58738303,1.1747661,1.5663548,1.5663548,63689.94,127379.88,169839.84,0.0,1.0,23.989914,0.56918633,0.6456073,0.6750174,173.66359,0.06573,108430.0,15.5,-90.25,13954.94,0.31236568,8.160519,8.364016,0.0,0.0,0.0,0.0,1.0,4.9,94.0,0.0,1.1,5455197.0,16858333.0,1897.29751548586,3263.6692548658,12.8256302521008,12.9341276174487,10350131714.5859,55020023100.3896,15.15306244671294,0.0109074893502805,0.0228220542723187,7.548185792369341,15.51207929025442,3300,0.47666667,0.0,0.0,0.666666687,0,27.3537,72.5593,19.59408,0.02794586,0.0,3,0,1.87824297,0.009,7.414572881,0.0156,0.02,0.09,0.09,0.063400001,0.02,0.988072,0,74.07,1.0,45.9,0.42,0.0204,0,0.0,0.0,0.3795,0.0,0.588,0.45,7.808746885,0.46,3964,0.026488399,0.72,4,109,0.51,0,15.69958178,0,1.0,60.97652791,-0.02144099,0.434482759,0.3144,0.08,1,0.42,0.1227499
GUY,0.0,0.0,0.0,0.0,0.071428575,77.6,9.2,1.0,1.0,229.74,233.476,494.277,22.759521,1.0,1.0,0.0,1.0,0.0,0.0,0.0,0.0,0.0,32.18,32.18,3.471345,1.0,,5.0,0.0,1.0,114.0,,,0.5083628,254.46576,0.46,0.60184723,0.7251178,0.57957023,0.71765924,,,0.22891153,0.22891153,,,45061.234,1.0,0.0,25.649641,0.2844484,0.188179,1.0,191.27516,0.23073,196850.0,5.0,-59.0,4803.14,0.10810692,8.242756,8.678978,0.0,0.0,0.0,0.0,1.0,18.0,18.0,9.0,55.0,704930.0,786559.0,2948.847624056289,8741.16082530405,22.7595220313667,,2078731155.626,6875438717.59033,27.125897864654863,0.0219704431897791,0.0021937874075359,7.989169737102659,13.465853786084608,.,0.23777778,1.0,0.0,0.833333313,0,377.8559,.,.,0.01227279,0.0,1,0.82,1.592495203,0.033,7.375255778,0.028999999,0.12,0.16,0.23,0.170000001,0,0.339918,0.25,52.43,1.0,60.2,.,.,0.09,2.0,0.0,1.165,0.0,0,1,9.422017882,0.485100001,569,0.0333919,0.969,4.28,117,0,0,13.71913621,1,0.0,88.77442097,0.040546507,0.275862069,.,0,0,0.16,.
HKG,,,,,,,,,,,,,,,,0.0,0.0,0.0,0.0,0.0,0.0,0.0,14.9,14.9,2.701361,1.0,1.0,,,,2.0,,,0.0,211.68283,,0.69421697,0.6983028,,,,,,,,,,1.0,0.0,22.43981,0.0746182,,,165.05336,,1042.0,,114.166664,,0.09203635,8.517193,9.091106,0.0,0.0,1.0,0.0,0.0,7.5,7.9,0.5,84.1,3959000.0,7481800.0,5796.190626858921,35587.5634863488,20.405955163161103,18.9511689633317,22947118691.7345,266259032492.164,25.636467877011317,0.036962645047555,0.0128110054734569,8.664956192281876,15.191502026088267,2940,0.23682118,1.0,0.300000012,0.833333313,0.300000012,0.322,3729.293,0,0.02176398,1.0,5,0,1.243866444,0.004,7.717351272,0.016799999,0.02,0.08,0.04,0.0162,0.04,0.80589,0.001,70.6,0.0,66,1,0.046,0,0.0,0.0,1.693,0.0,0.98000002,0.87,6.209206581,0.408899993,3075,0.0279675,0.041,3.61,116,0,1,15.74841145,0,0.0,38.55424637,0.0174,0,0,0,0,1,0
HND,37.878784,0.0,0.0,0.0,0.071428575,37.718422,4.677284,0.7779967,1.0,79.8539,79.3624,1344.31,20.8852,-1.0,-1.0,0.0,1.0,0.0,0.0,0.0,0.0,0.0,78.1,78.1,4.35799,1.0,0.668602,1.0,6.0,5.0,125.0,35.0,69.4,0.1,249.24216,0.73,0.620129,0.6711883,0.6276699,0.66693634,0.58738303,1.1747661,1.5663548,1.5663548,65722.29,131444.58,175259.44,0.0,1.0,24.717607,0.45841724,0.40277442,0.6397911,173.34843,0.17914,111890.0,15.0,-86.5,10685.495,0.25932127,8.006368,8.50194,0.0,0.0,0.0,0.0,1.0,2.6,95.8,0.1,1.5,2716652.0,9904608.0,1309.8032575829,2010.54489641962,20.8852005532503,18.721138756595103,3558279639.3191104,19913659065.4369,22.152047721952417,0.0086074092869465,0.0262095824399344,7.177632219865072,14.814910797761357,3220,0.09735931,0.0,0.0,0.666666687,0,57.8243,21.19768,17.77783,0.033245,0.0,3,0,1.994564295,0.017000001,6.946013991,0.0211,0.03,0.14,0.15,0.1109,0.01,0.9418,0,72.95,1.0,46.8,0.67,0.00324,0.01,0.0,0.0,0.615,0.0,0.84299999,0.67,5.795408754,0.455900013,1935,0.022739001,0.919,4.06,156,0.32,1,14.5138766,0,1.0,33.58676263,-0.0287682,0.137931034,0.3687,0.08,1,0.36,0.1319818
HRV,0.0,0.0,0.0,0.0,0.037037037,55.383244,20.305649,3.7732394,0.0,33.8831,146.434,77.042,,,,0.0,0.0,,0.0,0.0,0.0,0.0,,,,,,,,,84.0,,,0.0,104.0641,0.83,0.73746145,0.7380211,0.7243785,0.72498846,5.8895125,6.871098,8.83427,8.83427,329341.53,384231.8,494012.34,0.0,0.0,11.084818,0.33577898,0.2072136,0.0,87.154205,0.04748,55920.0,45.166668,15.5,14578.344,0.2155202,8.853665,8.861519,0.0,1.0,0.0,0.0,0.0,0.4,76.5,1.2,21.9,4412252.0,4047200.0,,15204.3467086723,,25.6971253774649,,61535031999.3384,23.18483372470922,,-0.0017257079051673,,15.299895774678182,,,,,,,,,,,,,,,,,,,,,,,,,,,,,,,,,,,,,,,,,,,,,,,,,,,,,,,,
HTI,,0.0,0.0,0.0,0.071428575,12.400001,3.8,0.3,1.0,24.8002,24.7766,924.246,,-9.0,-9.0,0.0,1.0,0.0,0.0,0.0,0.0,0.0,130.0,130.0,4.867535,1.0,1.0,0.0,0.0,1.0,174.0,67.7,53.75,1.0,252.9302,0.91,0.61660665,0.74464405,,,0.44332135,0.88664275,1.329964,1.329964,12217.937,24435.875,36653.81,0.0,1.0,24.58881,0.33877847,0.3232512,1.0,121.115746,0.05994,27560.0,19.0,-72.416664,7799.48,0.4382177,6.9077554,7.9694366,0.0,0.0,0.0,0.0,1.0,12.8,82.6,0.0,4.6,4676237.0,11402533.0,1354.01620383269,1188.29576359864,,12.066191419504,6331700670.96197,13549581658.1937,16.606728374287943,-0.0026076938955625,0.0179866824200156,7.210830420780737,15.358004284635282,2500,0.06440476,0.0,0.0,0.166666672,0,7.2393,150.3266,0,0.01761677,0.0,3,0,1.780192852,0.025,6.828712072,0.0153,0,0.09,0.16,0.1177,0,0.908608,0,100.91,1.0,42.4,1,1,0,0.0,0.0,0.291,0.0,0.075,0.46,6.447132118,0.409299999,3807,0.050433401,0.744,6.5,114,0.16,0,15.07330883,0,0.0,41.56551255,-0.0288,0.15862069,0,0.2,1,0,0.2065545
HUN,0.0,0.0,0.0,0.0,0.037037037,81.8,10.8,5.1,0.0,48.7502,507.231,48.7502,33.596054,-7.0,-7.0,1.0,0.0,14000.0,0.0,0.0,0.0,0.0,,,,0.0,,,,,54.0,,,0.0,90.24896,0.83,0.7382993,0.7383594,0.7272024,0.7276095,3.2569754,5.4282923,13.57073,13.57073,291890.12,486483.56,1216208.9,0.0,0.0,9.905735,0.2051351,0.09163822,0.0,53.631775,0.08019,89620.0,47.0,20.0,44774.152,0.08045201,8.909235,8.909494,0.0,1.0,0.0,0.0,0.0,21.6,53.9,0.0,24.5,10337910.0,9749763.0,,16745.0857201244,,27.6179682392135,,163260617185.897,23.872934843557083,,-0.0011708089471182,,16.151328278954434,1160,0.06507937,0.0,0.0,0.166666672,0,.,0,109.8982,.,0.0,1,0,0.685618937,.,.,.,0.25,.,.,.,.,0.510114,0,.,0.0,68.4,0.9,0,0.04,0.0,0.0,0.711,0.01,0.005,1,4.695788158,.,.,.,0.324,5.67,.,0,.,.,1,0.0,22.05042642,.,0.35862069,0,.,0,0.11,0
IDN,57.14286,0.0,0.0,0.0,0.0,39.1,5.1,0.5,1.0,76.1845,76.1189,2140.52,15.831714,-7.0,-7.0,0.0,1.0,29700.0,0.0,0.0,0.0,0.0,170.0,170.0,5.135798,1.0,0.7457600000000001,0.0,0.0,1.0,128.0,48.4,65.13,0.4516813,273.71814,0.33,0.6818029,0.6821421,,,1.1040148,2.0700276,4.278057,4.278057,2000000.0,3750000.0,7750000.0,0.0,1.0,25.852055,0.25174856,0.4537677,0.8772685,211.53783,0.44621,1811570.0,5.0,120.0,205069.72,0.26380318,8.294049,8.318742,0.0,0.0,1.0,0.0,0.0,4.8,2.7,43.4,49.1,114793179.0,273523621.0,772.129678090006,4312.35308223753,13.622754491018,32.3674628282469,88635220348.1984,1179530430084.12,23.682429300133258,0.0350003134867871,0.0175167685644013,6.649152512718779,18.55864262370821,5800,0.69056787,0.0,0.01,0.333333343,0,18.8325,76.17235,8.972233,0.02188637,1.0,3,0,1.69322741,0.041999999,6.458338283,0.0174,0.05,0.1,0.13,0.0656,0.01,0.380444,0.02,40.19,0.0,41.5,0.75,0.41678,0.12,2.0,1.0,0.298,0.0,0.009,0.71,36.55125238,0.4,96194,0.033359699,0.986,5,98,0.28,1,17.93246055,0,0.0,1335.994051,0.073570684,0.068965517,0.044,0.04,1,0.56,0.4465247
IND,5.357143,1.0,1.0,1.0,1.0,22.7,3.9,1.1,0.5121367,342.615,463.794,847.383,15.317875,9.0,9.0,0.0,0.0,6750.0,0.0,5.0,0.0,7.0,48.63,48.63,3.884241,,0.156776,9.0,0.0,1.0,132.0,72.3,62.59,0.3326023,232.94775,0.5,0.72227544,0.72220767,0.7184957,0.7184845,8.775915,19.874866,25.811514,25.811514,26092464.0,59091756.0,76742536.0,1.0,0.0,23.031626,0.71149933,0.9203852,0.3409535,97.089554,0.28276,2973190.0,20.0,77.0,1605522.6,0.16869503,9.047821,9.044935,0.0,0.0,1.0,0.0,0.0,1.1,1.3,11.6,86.0,555189797.0,1380004385.0,396.011691931781,1961.29871122172,16.6531413945703,28.420297974992295,219861650853.232,2706600821780.82,25.543957678154065,0.0325158203342432,0.0183774632766715,5.981443735898879,20.134820589826624,5860,0.74219749,1.0,0.01,0.666666687,0,6.7214,238.6484,153.134,0.02211792,0.0,3,0,1.761128426,0.028000001,6.64118217,0.021,0.05,0.09,0.33,0.280999999,0.03,0.684086,0.815,57.24,0.0,42.5,0.25,0.13186,0.02,2.0,0.0,0.095,0.001,0,0.61,7.293533844,0.397399992,442344,0.034321699,0.48,2,94,0.12,0,19.64102531,0,0.0,53.19563594,-0.019845098,0.248275862,0.3929,0.04,1,0.02,0.4592453
IRL,33.333332,1.0,1.0,1.0,0.95454544,64.21059,27.4,4.6,0.0,43.6382,43.6604,524.333,23.18467,10.0,10.0,0.0,0.0,0.0,0.0,0.0,0.0,3.0,,,,,,,,,15.0,,,0.0,60.542343,0.33,0.72404605,0.72418344,,,1.4515895,4.3547683,11.612716,11.612716,100000.0,300000.0,800000.0,1.0,0.0,9.154353,0.10769875,0.04795206,0.0,101.313576,0.42893,68890.0,53.0,-8.0,10767.507,0.10515146,8.517193,8.521508,0.0,1.0,0.0,0.0,0.0,1.1,95.3,0.0,3.6,2957250.0,4994724.0,12730.4260683019,81297.0669473559,24.009773518819294,31.268856440253305,37647052490.4859,406056411411.565,24.36366885515071,0.0377784276787551,0.0105375807855201,9.451750160614443,14.899770340407985,800,0.09035714,1.0,0.0,0.833333313,0,24.3084,42.4618,34.21706,0.00897543,0.0,5,0.74,1.348073125,0.014,8.105005538,0.0286,0.04,0.15,0.14,0.0964,0.08,0.813426,0,67.58,0.0,69.7,0.91,0,0.01,1.0,0.0,0.823,0.0,0,1,8.290560544,0.311100006,2834,0.111855999,0.593,1,119,0,1,16.05444996,0,0.0,68.73339413,0.002460577,0.406896552,0,0,0,0.64,0
IRN,69.79187,0.0,0.0,0.0,0.0,9.597569,5.3104534,1.1101555,0.0,493.337,494.476,2130.76,29.929043,-10.0,-10.0,0.0,0.0,1470.0,0.0,0.0,0.0,1.0,,,,0.0,,,,,145.0,,,0.1246762,199.06137,0.1,0.7407446,0.7405289,0.7409237,0.74068767,2.4446888,2.7502751,2.4446888,2.4446888,3981298.0,4478960.5,3981298.0,0.0,1.0,17.63041,1.1002725,0.6242302,0.0,20.803795,0.68562,1628550.0,32.0,53.0,142498.12,0.28703925,9.159047,9.1582575,0.0,0.0,1.0,0.0,0.0,0.0,0.1,97.9,2.0,28513872.0,83992953.0,6965.4439026287,5943.59733025937,40.636403605182096,41.02828333735221,198611775862.735,499220291211.401,34.918003602260384,-0.0031679071058788,0.0218419621216598,8.848716617510906,17.16590126366303,4100,.,0.0,0.0,0.166666672,0,80.5872,9.541427,15.6984,0.03106911,0.0,3,0,1.898369193,0.039999999,7.988203597,0.023,.,0.089,0.044,0.01,0.01,0.96247,0,41.46,0.0,46,0.1,0.26656,0.05,2.0,1.0,0.4515,0.006,0.025,0.42,10.13793355,0.470699996,20301,0.021033401,0.96,5.44,102,0.24,1,17.90662902,0,0.0,102.7776968,0.132687092,0.075862069,0,0.24,1,0,0.0033799
IRQ,,0.0,0.0,0.0,0.0,3.1709461,2.5428147,1.4456792,0.0,500.556,500.902,1328.71,,-7.0,-7.0,0.0,0.0,5020000.0,0.0,0.0,0.0,0.0,,,,1.0,,,,,165.0,,,0.0281283,183.00577,0.08,0.745911,0.74557275,0.7475166,0.7471702,2.2863936,4.5727873,2.2863936,2.2863936,1000000.0,2000000.0,1000000.0,0.0,1.0,20.999048,0.44470432,0.2915833,0.0,19.284813,0.7925,437370.0,33.0,44.0,54583.773,0.0963715,9.2103405,9.187383,0.0,0.0,1.0,0.0,0.0,0.0,1.8,95.8,2.4,9917978.0,40222503.0,1465.97122403729,4927.0483076952205,,,14539470348.6349,198178215337.416,24.997387734260723,0.0245407283519536,0.028397279366729,7.290273253357147,16.109859627839604,3760,.,1.0,0.0,0,0,63.8776,.,.,0.03404963,0.0,0,0,1.967112303,0.074000001,8.139440522,0.0405,.,0.152,0.193,0.078499999,0.02,0.804706,0,88.96,0.0,46,0.01,0.013,0.41,1.0,1.0,0.616,0.025,0.63999999,0.65,7.858537867,0.461199999,6847,0.0243902,0.784,6.89,133,0.8,1,16.9710064,1,0.0,61.75661741,0.140691355,0.44137931,0,0.32,1,0,0
ISL,33.333332,1.0,1.0,1.0,0.95454544,78.120514,16.017052,5.0017796,0.0,46.461,46.3174,1726.5,24.980675,,,0.0,0.0,0.0,0.0,0.0,0.0,0.0,,,,,,,,,14.0,,,0.0,31.802156,0.003,0.71523684,,,,,0.49875313,0.59850377,0.59850377,,50000.0,60000.004,0.0,0.0,1.4696863,0.3708187,0.3144166,0.0,86.89858,0.47876,100250.0,65.0,-18.0,70.175,0.28686997,,,0.0,1.0,0.0,0.0,0.0,96.6,0.7,0.0,2.7,204438.0,366425.0,,47630.334413774406,27.8077669902913,21.667655699253803,,17452945287.5673,24.50056483797771,,0.0117389491641286,,12.228020030012996,2042,0.1,0.0,0.0,1,0,569.6023,.,.,0.01232547,0.0,5,0,1.131079435,0,8.509967146,0.0209,0.05,0.11,0.13,0.1116,0.07,0.996006,0,95.03,0.0,73,.,0,0.01,1.0,0.0,0.7855,0.0,0,1,22.8549211,0.346599996,176,0.079545498,0.964,1,64,0,0,13.68045114,0,0.0,522.3474184,0.00280831,0.124137931,0,0,0,0.82,0
ISR,47.127792,1.0,1.0,1.0,0.95454544,37.0,31.3,14.8,0.0,69.5361,67.5578,469.932,28.426315,9.0,9.0,0.0,0.0,0.0,0.0,0.0,0.0,0.0,,,,1.0,,,,,38.0,,,0.0,196.42213,0.26,0.75263786,0.74371624,0.75703,0.7420577,7.2760344,4.5475216,13.818517,13.818517,157453.39,98408.37,299032.7,1.0,0.0,18.717873,0.49265847,0.2115455,0.0,24.987076,0.51849,21640.0,31.5,34.75,3369.348,0.2917073,9.2591305,9.078463,0.0,0.0,1.0,0.0,0.0,0.2,1.0,8.0,90.8,2974000.0,9216900.0,,33817.418235811805,,21.7746910208733,,311691762137.654,21.616771799580214,,0.0228804501815247,,14.905418406002235,3300,0.32705571,1.0,0.0,0.666666687,0,9.754,131.6355,21.76648,0.02606402,0.0,4,0,1.326278925,0.064000003,8.153925132,0.036800001,0.05,0.18,0.24,0.142199996,0.1,0.705736,0,94.21,0.0,71.7,0.92,0,0.01,2.0,0.0,0.638,0.046,0.338,0.98,35.029214,0.360399991,2114,0.0487228,0.295,2,110,0,0,15.8102623,0,0.0,1227.045833,-0.01566191,0.303448276,0,0.08,1,0.22,0
ITA,54.761906,1.0,1.0,1.0,0.95454544,72.6,17.5,2.6,0.0,51.6288,64.6441,363.988,25.97066,10.0,10.0,0.0,0.0,12900.0,0.0,0.0,0.0,0.0,,,,0.0,,,,,73.0,,,0.0,118.53171,0.75,0.7359351,0.73598224,0.71886915,0.7191381,23.80062,17.000443,34.000885,34.000885,7000000.0,5000000.0,10000000.0,0.0,1.0,12.636684,0.5207248,0.579345,0.0,68.937065,0.19983,294110.0,42.833332,12.833333,84791.914,0.33232966,8.987197,8.980739,0.0,1.0,0.0,0.0,0.0,0.4,83.2,0.1,16.3,53821850.0,59554023.0,17671.3369752178,32901.8829242099,26.006097474353105,17.5003749406104,951104047979.626,1959439492411.7,21.56562536434325,0.0125093138462466,0.0020261364790936,9.77969922601777,17.801190076510988,1270,0.03886815,0.0,0.0,0.833333313,0,5.8578,169.9543,202.5813,0.0047319,0.0,3,0,0.902597368,0.032000002,8.425954711,0.030300001,0.02,0.15,0.13,0.071699998,0.07,0.992022,0,55.6,0.0,69.4,0.86,0,0,0.0,0.0,0.3275,0.0,0.006,1,8.751708952,0.249300003,50200,0.093107603,0.168,1.22,92,0.04,1,19.24972502,0,0.0,76.59240958,-0.022858866,0.703448276,0,0,0,0.8,0
JAM,29.031532,1.0,1.0,1.0,0.875,86.8,6.9,1.1,1.0,12.2525,12.2341,841.108,31.539383,10.0,10.0,0.0,1.0,0.0,0.0,0.0,0.0,0.0,130.0,130.0,4.867535,1.0,1.0,10.0,0.0,1.0,90.0,21.9,74.82,0.0,256.85617,,0.6183262,0.74279803,,,0.44332135,0.88664275,1.329964,1.329964,4801.1704,9602.341,14403.511,1.0,0.0,25.934616,0.24625112,,1.0,153.0866,,10830.0,18.25,-77.5,1740.381,0.34284833,6.9077554,8.071904,0.0,0.0,0.0,0.0,1.0,55.5,9.6,0.1,34.8,1875637.0,2961161.0,4590.04816286606,4357.960260734179,31.539384208045803,24.4052041737406,8609264166.05361,12904621963.6359,24.43739003980061,-0.0010371897310997,0.0091744917199199,8.431645795998682,14.44445889302368,2560,0.0125,1.0,0.0,0.833333313,0,6.6483,162.5115,0,0.01432883,0.0,5,0.94,1.664115548,0.004,7.480428306,0.020099999,0.09,0.1,0.07,0.0409,0.02,0.830924,0.003,85.12,1.0,63,1,0,0.09,2.0,0.0,0.757,0.0,0,0.92,11.50717375,0.417100012,1629,0.042971101,0.471,1.72,139,0,0,14.87614991,0,0.0,132.4150478,0.024116211,0.172413793,0,0.04,1,0.42,0
JOR,33.333332,0.0,0.0,0.0,0.0,12.748736,12.02524,2.113247,0.0,235.173,234.394,653.806,,-9.0,-9.0,0.0,0.0,899.0,0.0,0.0,0.0,0.0,,,,,,,,,106.0,,,0.0,202.91228,0.04,0.7519803,0.7517855,0.7560197,0.7559226,7.2760344,4.5475216,2.2665458,2.2665458,642037.25,401273.3,200000.0,0.0,1.0,18.668287,0.7370904,0.2259718,0.0,11.250722,0.65142,88240.0,31.0,36.0,2417.7761,0.15968385,9.2591305,9.249561,0.0,0.0,1.0,0.0,0.0,0.3,1.7,93.0,5.0,1721315.0,10203140.0,,3241.65747648319,,11.8848992125981,,33075085064.6047,27.23376702724917,,0.0362331218857192,,14.358599091565438,3390,0.02971938,1.0,0.0,0.166666672,0,52.4661,21.18003,11.40062,0.02837903,0.0,5,0,2.054240704,0.165999994,7.057897937,0.032900002,0.08,0.41,0.21,0.012100004,0.01,0.88917,0,96.95,0.0,47.2,0.15,0,0.04,2.0,0.0,0.5545,0.024,1,0.77,6.435387508,0.444099993,1695,0.040708002,0.838,5.72,116,0.2,0,14.49333596,0,0.0,41.41421238,0.024783626,0.117241379,0,0.08,1,0.67,0
JPN,28.427128,1.0,1.0,1.0,0.95454544,60.6,33.0,5.5,0.0,39.7921,39.7385,2037.14,38.844536,10.0,10.0,0.0,0.0,480.0,0.0,0.0,0.0,3.0,,,,,,,,,24.0,,,0.0,136.62225,0.75,0.68345654,0.68345654,,,0.82304525,12.345679,46.639233,46.639233,300000.0,4500000.0,17000000.0,0.0,0.0,12.142666,0.26505858,0.306783,0.0,143.85379,0.14037,364500.0,36.0,138.0,44724.152,0.28839687,8.411833,8.411833,0.0,0.0,1.0,0.0,0.0,0.9,0.6,0.0,98.5,103403000.0,125836021.0,18870.09737561,,41.094494400733,,1951224678930.2,,29.35144107299377,,0.0039346336972287,9.845333798688976,18.45414453315737,140,0.00988028,0.0,0.870000005,1,0,4.0014,272.176,113.0167,0.00946822,1.0,5,0,0.739076078,0.01,7.990915463,0.0317,0.07,0.1,0.12,0.0803,0.09,0.671693,0,75.02,0.0,67.7,0.94,0,0,0.0,0.0,0.205,0.001,0,1,5.4221037,0.302300006,94096,0.057356302,0.067,1.44,118,0,1,19.44298628,0,0.0,29.39920853,-0.019352168,0.275862069,0,0,0,0.73,0
KAZ,,0.0,0.0,0.0,0.037037037,48.725197,21.125303,6.824324,0.0,2291.68,2374.23,2469.88,,,,1.0,0.0,0.0,0.0,0.0,0.0,0.0,,,,,,,,,49.0,,,0.0,94.189865,0.48,0.7250987,0.7282582,0.7269182,0.7310407,0.3819914,0.63665235,0.89131325,0.89131325,1031262.1,1718770.4,2406278.5,0.0,0.0,5.81825,0.4003275,0.4307749,0.0,21.956785,0.33687,2699700.0,48.0,68.0,215436.06,0.0889166,8.779557,8.70897,0.0,0.0,1.0,0.0,0.0,2.0,3.0,47.0,48.0,13036140.0,18754440.0,,11075.0081569579,,,,207705575979.177,25.33766604221796,,0.0073006210137467,,16.383236058372564,,,,,,,,,,,,,,,,,,,,,,,,,,,,,,,,,,,,,,,,,,,,,,,,,,,,,,,,
KEN,14.246957,0.0,0.0,0.0,0.032258064,20.5,3.1,0.5,1.0,434.265,434.531,2497.85,24.396675,-7.0,-7.0,0.0,1.0,0.0,0.0,0.0,0.0,0.0,145.0,145.0,4.976734,1.0,0.082504,5.0,0.0,1.0,121.0,65.5,52.04,0.8448352,291.51532,0.24,0.765496,0.7651619,0.7710726,0.7702029,0.17570369,1.4056295,2.6355555,2.6355555,100000.0,800000.0,1500000.0,1.0,0.0,24.445189,0.79257125,0.6139126,0.4907439,62.469723,0.54907,569140.0,1.0,38.0,45018.973,0.17643383,8.160519,8.186882,1.0,0.0,0.0,0.0,0.0,19.3,26.4,6.0,48.3,11301394.0,53771300.0,598.457426165572,1206.22156699649,24.3966751650194,15.6662050901405,6763403165.32304,64860101745.4384,20.167273979987364,0.0141165646665952,0.0316879793294901,6.39435538824159,16.24043663890586,6650,0.82696485,1.0,0.0,0.5,0,68.3077,13.07549,17.49389,0.03565365,0.0,5,0,2.079441547,0.003,6.490723535,0.0361,0.04,0.16,0.15,0.1119,0,0.920864,0.005,55.74,0.0,45,0.08,0.98,0,2.0,0.0,0.606,0.0,0,0.47,8.173029653,0.497,8332,0.0411666,0.874,5.33,131,0.05,1,15.51858234,0,0.0,66.7984137,-0.019574456,0.317241379,0.9352,0,0,0.04,0.4014696
KGZ,0.0,0.0,0.0,0.0,0.037037037,53.303482,24.786812,8.244778,0.0,1894.97,2011.94,1999.24,,,,1.0,0.0,0.0,0.0,0.0,0.0,0.0,,,,,,,,,70.0,,,0.0,168.40796,0.12,0.72490686,0.7259476,0.7232816,0.7255107,0.3819914,0.63665235,0.89131325,0.89131325,73265.945,122109.92,170953.88,0.0,0.0,2.9095936,2.43223,1.013386,0.0,38.003807,0.77971,191800.0,41.0,75.0,13349.28,0.6022153,8.779557,8.762489,0.0,0.0,1.0,0.0,0.0,0.0,0.0,70.0,30.0,2959900.0,6591600.0,,1000.21308341453,,29.0087566610874,,6593004560.63523,24.797637652589454,,0.016141704682441,,14.900666041945774,,,,,,,,,,,,,,,,,,,,,,,,,,,,,,,,,,,,,,,,,,,,,,,,,,,,,,,,
KHM,0.0,0.0,0.0,0.0,0.0,82.377525,9.582356,0.29353142,1.0,147.114,187.759,188.946,12.531328,-88.0,-7.0,,,,,,,,,,,,,,,,,,,1.0,256.76846,0.47,0.6967627,0.69638276,0.6896554,0.69047934,2.8325403,5.6650805,8.497621,8.497621,500000.0,1000000.0,1500000.0,0.0,0.0,26.716208,0.15246375,0.16409591,0.9622746,161.44868,0.26482,176520.0,13.0,105.0,36998.59,0.09839413,8.411833,8.43815,0.0,0.0,1.0,0.0,0.0,0.1,0.1,2.4,97.4,6996576.0,16718971.0,,1212.02549983639,12.5313282265815,25.4516403982427,,20263819183.0251,18.201986475167296,,0.0175751199024623,,15.760931444493052,,,,,,,,,,,,,,,,,,,,,,,,,,,,,,,,,,,,,,,,,,,,,,,,,,,,,,,,
KIR,,,,,0.6666667,,,,,,,,,,,,,,,,,,,,,,,,,,,,,,297.06497,,0.63945156,,,,,,,,,,,1.0,0.0,,,,,,,810.0,1.4166666,-170.0,22.194,,,,0.0,0.0,0.0,1.0,0.0,45.3,49.0,0.0,5.7,51142.0,119446.0,2394.35832326873,1807.64218886486,,,122452273.368609,215915628.891152,29.055894710115805,-0.0056060657063315,0.0171098918846135,7.780870550468498,10.84236135641054,,,,,,,,,,,,,,,,,,,,,,,,,,,,,,,,,,,,,,,,,,,,,,,,,,,,,,,,
KNA,0.0,,,,0.8888889,,,,,,,,,,,,,,,,,,,,,,,,,,,,,,261.96802,,0.61116827,,,,0.44332135,0.88664275,1.329964,1.329964,115.26355,230.52711,345.79065,1.0,0.0,26.866667,0.001,,,88.36667,,260.0,17.333334,-62.75,50.544003,0.004,,,0.0,0.0,0.0,0.0,1.0,52.0,8.2,0.0,39.8,44878.0,53192.0,,15215.1857510107,,,,809326160.467762,,,0.003404990096359,,10.711702975923748,,,,,,,,,,,,,,,,,,,,,,,,,,,,,,,,,,,,,,,,,,,,,,,,,,,,,,,,
KOR,41.62978,0.0,0.0,0.0,0.0,38.1,21.8,5.7,0.0,52.9981,53.5464,923.128,25.355476,3.0,3.0,0.0,0.0,0.0,0.0,0.0,0.0,0.0,,118.0,4.770685,0.0,,,,,8.0,,,0.0,125.72543,0.77,0.69162583,0.69162583,0.70130825,0.7013082,0.9126586,11.408232,18.253172,18.253172,90106.78,1126334.8,1802135.6,0.0,0.0,11.322813,0.23619024,0.1737193,0.0,111.01096,0.15151,98730.0,37.0,127.5,17179.02,0.18119754,8.411833,8.411833,0.0,0.0,1.0,0.0,0.0,12.2,3.9,0.0,83.9,32240827.0,51780579.0,1793.4492878674698,28361.1890143807,26.3248229993564,31.642172172673103,57822288223.4084,1468558788293.07,30.232280600916123,0.056770561621992,0.0095206676843173,7.491896021059597,17.288744126638477,1150,0,0.0,0.159999996,0.166666672,0.600000024,3.9487,310.6865,111.1199,0.01859395,1.0,3,0,1.454186559,0.050999999,6.80682936,0.0352,0.05,0.14,0.15,0.061800001,0.05,0.679174,0,65.71,0.0,54.2,0.89,0,0.01,2.0,0.0,0.4195,0.0,0,0.94,11.37342385,0.419499993,25003,0.033275999,0.234,4.44,110,0.4,1,16.93358046,0,0.0,129.35477,-0.006744131,0.020689655,0,0,0,0.6,0
KWT,,0.0,0.0,0.0,0.0,30.900002,14.1,4.6,0.0,34.0444,34.0617,1701.96,12.121212,-9.0,-9.0,0.0,0.0,0.0,0.0,0.0,0.0,0.0,,,,,,,,,82.0,,,0.0,201.5558,0.005,0.743499,0.7440493,0.74385536,0.7450476,,0.88393885,0.88393885,0.88393885,,15751.79,15751.79,0.0,1.0,25.209343,0.11460345,0.0629676,0.0,10.096966,0.08526,17820.0,29.5,47.75,99.792,0.03277977,9.159047,9.027709,0.0,0.0,1.0,0.0,0.0,0.1,2.1,95.1,2.7,744444.0,4270563.0,,,12.121212121212098,,,,17.797306176669824,,0.0355547426148681,,13.520392910009871,4300,.,1.0,0.0,0.5,0,64.1007,26.41467,26.87177,0.06821097,0.0,2,0,1.968230605,0.011,.,0.0184,0.05,.,.,.,0,0.994014,0,.,0.0,59.8,0.95,.,0.31,2.0,1.0,.,0.001,0.889,1,6.256182732,0.34889999,278,0.0215827,0.952,5,.,0.08,0,.,0,0.0,39.13982238,0.144099995,0.096551724,0,0,0,.,0
LAO,0.0,0.0,0.0,0.0,0.0,25.54205,2.15983,0.9089816,1.0,267.998,284.424,381.161,,-77.0,0.0,1.0,1.0,0.0,0.0,0.0,0.0,0.0,,140.0,4.941642,,,8.0,0.0,1.0,163.0,,,1.0,227.2759,0.29,0.691056,0.6917266,0.7003672,0.7009208,0.43327555,0.8665511,1.7331022,1.7331022,100000.0,200000.0,400000.0,0.0,0.0,23.962795,0.58245313,0.3266717,0.4034841,148.75597,0.16016,230800.0,18.0,105.0,8770.399,0.21418326,8.699514,8.743531,0.0,0.0,1.0,0.0,0.0,0.2,0.8,1.0,98.0,2688429.0,7275556.0,,1835.6622655896697,,,,13355463610.3845,24.11252854304181,,0.0201108160306746,,14.804467566105023,,,,,,,,,,,,,,,,,,,,,,,,,,,,,,,,,,,,,,,,,,,,,,,,,,,,,,,,
LBN,33.333332,1.0,1.0,0.0,,,,,0.0,44.1346,44.1346,666.651,,5.0,5.0,,,,,,,,,,,,,,,,,,,0.0,178.84393,0.71,0.7512912,0.75081277,0.7549076,0.7544076,11.597341,7.73156,7.73156,7.73156,118640.8,79093.86,79093.86,0.0,1.0,15.410416,0.81967956,0.41181383,0.0,51.59115,0.0958,10230.0,33.833332,35.833332,1899.7109,0.5602878,9.2591305,9.242324,0.0,0.0,1.0,0.0,0.0,1.0,36.2,37.4,25.4,2297436.0,6825442.0,,4636.90186150712,,10.0057768937026,,31648904715.4089,25.187988310431077,,0.0220161230624151,,14.64730427645837,,,,,,,,,,,,,,,,,,,,,,,,,,,,,,,,,,,,,,,,,,,,,,,,,,,,,,,,
LBR,,0.0,0.0,0.0,0.032258064,5.176796,5.4058294,1.2808301,1.0,87.4266,111.199,109.042,,-6.0,-6.0,0.0,1.0,0.0,0.0,0.8,0.0,0.0,,483.0,6.180016999999999,0.0,,7.0,1.0,4.0,149.0,,,1.0,245.28264,0.21,0.73308575,0.7335821,0.71319175,0.713992,1.1814605,2.7567413,4.3320217,4.3320217,113798.27,265529.3,417260.34,1.0,0.0,25.113127,0.24642827,0.1558972,1.0,201.11539,0.44402,96320.0,6.5,-9.5,3804.6401,0.08292145,8.0864105,8.079504,1.0,0.0,0.0,0.0,0.0,18.6,1.9,21.2,58.3,1400730.0,5057677.0,,489.508455942967,,19.972063389830502,,2475775658.9282603,19.80264772872821,,0.0260108022004132,,14.152504087260276,5260,0.80305527,0.0,0.0,0.166666672,0,92.7045,14.02777,10.4754,0.03028683,0.0,5,0.03,1.862683773,0.009,6.575075841,0.0144,0.03,0.16,0.21,0.183600001,0,0.843552,0,100.6,0.0,41.5,0.68,1,0.1,0.0,0.0,0.972,0.0,0,0.31,4.19,0.422500014,1039,0.0365736,0.973,5.72,169,0.23,1,13.52108983,0,0.0,17.5561,-0.034967374,0.137931034,0.4435,0.04,1,0.01,0.4342088
LBY,0.0,0.0,0.0,0.0,0.0,19.870789,2.616103,0.43972114,0.15030983,495.727,501.24,1374.56,,-7.0,-7.0,0.0,0.0,4500000.0,0.0,0.0,0.0,0.0,,,,1.0,,0.0,0.0,1.0,,,,0.0,216.84473,0.00792,0.74614674,0.74753225,0.7447282,0.74678695,0.22733214,0.28416517,0.28416517,0.28416517,400000.0,500000.0,500000.0,0.0,1.0,21.964174,0.4065678,0.22564681,0.0,4.3161516,0.74133,1759540.0,25.0,17.0,18123.262,0.05195801,8.612503,8.632199,1.0,0.0,0.0,0.0,0.0,0.1,0.2,98.1,1.6,2133527.0,6871287.0,,5503.73101421671,,,,37817715369.4841,15.343917770876132,,0.0236672257234853,,14.573287036791422,,,,,,,,,,,,,,,,,,,,,,,,,,,,,,,,,,,,,,,,,,,,,,,,,,,,,,,,
LCA,0.0,,,,0.8888889,,,,,,,,,,,,,,,,,,,,,,,,,,,,,,269.72305,,0.60812974,,,,0.44332135,0.88664275,1.329964,1.329964,270.42603,540.85205,811.2781,1.0,0.0,25.884724,0.16154169,,,189.12274,,610.0,13.883333,-60.966667,40.016,0.35527083,,,0.0,0.0,0.0,0.0,1.0,6.3,88.3,0.0,5.4,104016.0,183629.0,,7426.72861119881,,,,1363762748.1458302,,,0.0114323087005625,,11.55230001244425,.,0.58333333,1.0,0.0,0.666666687,0,.,.,.,.,0.0,5,0.17,1.768149614,.,.,.,.,.,.,.,.,0.701724,0.019,.,1.0,57.99999501,.,.,.,2.0,0.0,.,0.0,0.667,.,.,.,.,.,0.918,1.67,.,0,.,.,.,0.0,.,.,0.172413793,.,.,.,.,.
LKA,27.285004,1.0,1.0,1.0,1.0,39.9,35.0,1.2,1.0,38.9524,38.9318,1848.64,18.9476,8.0,8.0,0.0,1.0,0.0,0.0,0.0,0.0,0.0,69.8,69.8,4.245634,,0.99362,7.0,0.0,1.0,81.0,17.6,73.11,0.1753118,275.70676,0.68,0.71284485,0.7133163,,,4.641807,12.378153,15.472691,15.472691,300000.0,800000.0,1000000.0,1.0,0.0,27.17269,0.10254448,0.2924223,1.0,140.75883,0.14596,64630.0,7.0,81.0,8951.255,0.08974134,8.517193,8.551595,0.0,0.0,1.0,0.0,0.0,0.4,6.8,7.2,85.6,12485736.0,21919000.0,711.8395545721719,3845.68313565676,18.9475995316159,25.2353116704419,8887840752.74573,84293528650.4606,23.568650667201343,0.0343126293627673,0.0113189190022711,6.567852541316038,16.340097430699373,6850,0.32574693,1.0,0.689999998,0.666666687,0,6.5355,171.5903,351.3485,0.01905157,0.0,2,0.01,1.488173842,0.01,7.138073034,0.038199998,0.06,0.15,0.24,0.192800002,0.01,0.4167,0.233,124.85,0.0,62.3,0.99,0.038,0.01,2.0,0.0,0.6095,0.0,0,0.95,7.585757102,0.420700014,9889,0.036201801,0.986,2.44,51,0.08,1,16.33725134,0,0.0,57.5437108,-0.030010462,0.2,0.0471,0.04,1,0.4,0.6367116
LSO,,0.0,0.0,0.0,0.032258064,61.754974,2.8600948,0.08040291,0.0,238.319,238.929,765.69,10.183299,-9.0,-9.0,1.0,1.0,0.0,0.0,0.0,0.0,0.0,,,,,,9.0,0.0,1.0,136.0,,,0.0,225.39386,0.67,0.7407268,0.7407268,0.73762816,0.73762816,0.07923805,0.23771414,0.47542828,0.47542828,2404.8748,7214.624,14429.248,1.0,0.0,13.744289,1.7452408,0.30609632,0.0,63.53467,0.09483,30350.0,29.5,28.25,3299.045,0.27546915,7.3132205,7.3132205,1.0,0.0,0.0,0.0,0.0,29.8,43.5,0.0,26.7,1028930.0,2142252.0,347.169792302346,1087.9585929226,10.183299389002,,357213414.393653,2330681471.60563,20.879587000740816,0.0231078308028813,0.0147748484467671,5.849813975263667,13.844029985291346,9320,0.2097619,1.0,0.0,0.5,0,34.8851,0,31.72982,0.02361016,0.0,5,0,1.757857919,0,5.746203191,0.045899998,0.03,0.11,0.08,0.029100002,0,0.802942,0,71.53,0.0,47.7,0,0,0,2.0,0.0,0.802,0.0,0,0.83,8.898934349,0.405499995,870,0.039080501,0.933,5.22,126,0.05,0,12.5146964,0,0.0,79.19103256,-0.0162,0.075862069,0,0,0,0.37,0
LTU,0.0,0.0,0.0,0.0,0.037037037,40.90206,30.487707,6.2498164,0.0,60.4537,313.043,62.7719,,,,0.0,0.0,0.0,0.0,0.0,0.0,0.0,,,,,,,,,27.0,,,0.0,57.93914,0.42,0.734716,0.73473376,0.73219717,0.732539,0.4192872,0.8385744,2.5157232,2.5157232,26280.922,52561.844,157685.53,0.0,0.0,6.10747,0.11320594,0.0434536,0.0,54.986988,0.21678,62680.0,56.0,24.0,29327.973,0.02589672,8.216088,8.2908945,0.0,1.0,0.0,0.0,0.0,,80.0,0.0,,3139689.0,2794700.0,,18390.7606687773,,12.1072280406422,,51396658841.0318,21.181338597272013,,-0.0023252720389914,,14.959634308393207,,,,,,,,,,,,,,,,,,,,,,,,,,,,,,,,,,,,,,,,,,,,,,,,,,,,,,,,
LUX,54.54545,1.0,1.0,1.0,0.95454544,62.06373,30.905201,6.172918,0.0,22.3941,286.785,22.3941,21.05024,,,1.0,0.0,0.0,0.0,0.0,0.0,0.0,,,,,,,,,56.0,,,0.0,71.53237,0.55,0.7311104,0.73070985,0.7175687,0.7176257,8.469791,11.293055,35.290794,35.290794,21936.76,29249.012,91403.16,0.0,1.0,8.941378,0.2974514,0.06261824,0.0,78.06875,0.28138,2590.0,49.75,6.166667,,0.0875486,8.612503,8.640738,0.0,1.0,0.0,0.0,0.0,1.2,93.0,0.0,5.8,339171.0,632275.0,35457.2367285851,107457.984960026,22.5236528639505,15.6279386936254,12026066438.4709,67942997440.6003,20.93812713804452,0.022423154153365,0.012534304510045,10.476082650155936,12.734259683961936,.,0.21666667,0.0,0.0,1,0,9.5541,.,.,0.00547256,0.0,5,0,0.682086229,0.012,8.977272739,0.024,0.04,0.13,0.1,0.059,0.01,0.970332,0,55.52,0.0,69,.,0,0,0.0,0.0,1.612,0.0,0,1,4.423217848,0.213300005,314,0.108280301,.,1.28,91,0,0,14.72666573,0,0.0,19.56485613,.,0.455172414,0,0,0,0.8,0
LVA,0.0,0.0,0.0,0.0,0.037037037,64.346085,25.943388,8.155448,0.0,127.878,409.483,152.512,,,,0.0,0.0,0.0,0.0,0.0,0.0,0.0,,,,,,,,,25.0,,,0.0,54.66107,0.28,0.73273355,0.7332302,0.73113394,0.73374677,0.4192872,0.8385744,2.5157232,2.5157232,26016.771,52033.543,156100.62,0.0,0.0,5.6048,0.08794542,0.04993347,0.0,54.026722,0.20831,62050.0,57.0,25.0,18447.465,0.02574247,8.216088,8.356531,0.0,1.0,0.0,0.0,0.0,14.1,18.2,0.01,67.69,2359164.0,1901548.0,,16201.8328953086,,22.602788899872,,30808562938.4082,26.31445668363114,,-0.0043034938711372,,14.673817876956807,,,,,,,,,,,,,,,,,,,,,,,,,,,,,,,,,,,,,,,,,,,,,,,,,,,,,,,,
MAR,11.2762575,0.0,0.0,0.0,0.0,3.192585,1.5447992,0.0,0.0,178.334,177.801,638.872,18.48559,-9.0,-9.0,0.0,0.0,0.0,0.0,0.0,0.0,0.0,78.2,78.2,4.35927,,0.367858,1.0,1.0,1.0,97.0,51.0,66.64,0.0,191.13016,0.16,0.73347205,0.73287797,0.7245724,0.72327393,2.2406454,4.481291,3.3609679,3.3609679,1000000.06,2000000.1,1500000.0,0.0,1.0,19.848238,0.55465925,0.5622933,0.0,18.29602,0.56405,446300.0,32.0,-5.0,87653.32,0.15949517,8.160519,8.242624,1.0,0.0,0.0,0.0,0.0,0.0,0.2,99.4,0.4,16004732.0,36910558.0,1019.25200137852,3126.96406913402,18.485590130363104,29.2229617179882,16391215216.3929,117285818085.103,25.75944798484228,0.0226730853466934,0.0168526952279512,6.926824305277047,16.588394986478644,2175,0.34797191,0.0,0.0,0.5,0,38.3881,51.21938,17.41801,0.02555892,0.0,3,0,1.936292648,0.027000001,6.703188113,0.0305,0.02,0.14,0.12,0.063499999,0,0.930222,0,120.1,0.0,46.9,0.38,0,0.03,2.0,0.0,0.396,0.0,0.74000001,0.47,5.809999948,0.448700011,11626,0.025890199,0.903,4.17,123,0.08,0,16.06418736,0,0.0,33.7560994,0.031845376,0.275862069,0,0.44,1,0.44,0
MDA,0.0,0.0,0.0,0.0,0.037037037,31.915083,28.86954,6.4371486,0.0,28.0568,206.55,28.3753,,,,1.0,0.0,0.0,0.0,0.0,0.0,0.0,,,,,,,,,83.0,,,0.0,89.02311,0.72,0.7413493,0.74057055,0.7347971,0.7346132,0.4192872,0.8385744,2.5157232,2.5157232,13786.163,27572.326,82716.98,0.0,0.0,9.557819,0.14786333,0.04544875,0.0,43.003777,0.1689,32880.0,47.0,29.0,18208.945,0.04508501,8.853665,8.838757,0.0,1.0,0.0,0.0,0.0,0.0,0.0,0.0,100.0,2445328.0,2617820.0,,3513.60404668124,,24.1984304971892,,9197982945.483091,25.828598714562272,,0.0013641825534544,,14.709689823222869,,,,,,,,,,,,,,,,,,,,,,,,,,,,,,,,,,,,,,,,,,,,,,,,,,,,,,,,
MDG,0.0,0.0,0.0,0.0,0.032258064,,,,0.87653255,97.8166,97.6596,1631.05,9.912718,-1.0,-1.0,0.0,1.0,0.0,0.0,0.0,0.0,0.0,536.04,536.04,6.284209,,0.570964,3.0,0.0,1.0,142.0,82.5,57.51,1.0,252.26431,0.26,0.7497661,0.7496433,,,,0.34391442,1.2037005,1.2037005,,199999.98,700000.0,0.0,1.0,22.74158,0.43230367,0.4382289,0.4839859,130.64284,0.3775,581540.0,20.0,47.0,29018.844,0.16979755,7.6009026,7.6172676,1.0,0.0,0.0,0.0,0.0,22.0,26.0,1.7,50.3,6576305.0,27691019.0,853.63146871858,458.81492850971495,9.91271736606304,,5613740895.89134,12705052902.8462,18.22259471802964,-0.012340279340778,0.0291700512934405,6.749499565192011,15.698983595421186,8940,0.06274864,0.0,0.0,0.666666687,0,109.5385,8.653484,12.95668,0.0269856,0.0,1,0,1.885705113,0.013,7.082548569,0.0206,0.03,0.2,0.14,0.105399999,0,0.440978,0,207.93,0.0,41,0.57,1,0.08,2.0,0.0,0.372,0.0,0,0.52,9.234406675,0.411,5309,0.028065501,0.928,5.22,120,0.1,0,15.65970734,0,0.0,85.27426664,-0.011247791,0.206896552,0.48897,0,0,0,0.1242512
MDV,,0.0,0.0,0.0,0.0,24.498234,29.350876,0.21686675,,,,,,,,,,,,,,,,,,,,,,,,,,,281.3214,,0.7158006,,,,,,,,,,,1.0,0.0,,,,,,,300.0,3.25,73.0,39.989998,,,,0.0,0.0,1.0,0.0,0.0,0.0,0.1,99.9,0.0,115688.0,540542.0,,5663.304742591629,,,,3061254072.16996,41.52795185822991,,0.0313137846661772,,11.658652191294628,,,,,,,,,,,,,,,,,,,,,,,,,,,,,,,,,,,,,,,,,,,,,,,,,,,,,,,,
MEX,26.190475,0.0,0.0,0.0,0.071428575,53.446392,6.7500763,2.3512316,0.47181982,207.121,207.17,1224.54,22.725298,-6.0,-6.0,0.0,1.0,570000.0,0.0,0.0,13.0,4.0,71.0,71.0,4.2626800000000005,,0.37255,1.0,0.0,1.0,48.0,31.0,72.18,0.0411304,227.77446,0.44,0.6286276,0.66654986,0.6444447,0.6703318,0.7858793,1.5717586,2.6195977,2.6195977,1527710.1,3055420.2,5092367.0,0.0,1.0,21.171274,0.8128172,0.7843163,0.2018316,61.87707,0.48841,1943950.0,23.0,-102.0,252519.1,0.24386849,8.318742,8.515373,0.0,0.0,0.0,0.0,1.0,1.2,94.7,0.0,4.1,51493565.0,128932753.0,5524.27238582022,9322.33571304186,22.7391891891892,19.213943945304106,284464479176.938,1201954407872.7,21.76390195721474,0.0105201854110617,0.0185262020892729,8.616906822839255,17.75696740637057,3360,0.17407407,0.0,0.0,0.666666687,0,51.8819,17.43064,24.48998,0.02852864,0.0,3,0,1.863770008,0.007,7.950149888,0.0134,0.06,0.07,0.06,0.0436,0.03,0.976218,0,55.77,1.0,57.3,0.37,0.00013,0.03,0.0,0.0,0.1605,0.0,0.88,0.8,22.68623604,0.456200004,38020,0.0330089,0.675,3.67,71,0,0,18.4960175,0,1.0,514.6653057,0,0.510344828,0.36775,0,0,0.2,0.1124655
MKD,,0.0,0.0,0.0,0.037037037,,,,0.0,142.786,142.497,278.238,,,,1.0,0.0,0.0,0.0,0.0,0.0,0.0,,,,,,,,,23.0,,,0.0,121.29606,0.44,0.7415155,0.7416291,0.7276968,0.728448,5.8895125,6.871098,8.83427,8.83427,149770.3,174732.02,224655.47,0.0,0.0,9.739403,0.85384256,0.2438214,0.0,64.425156,0.26554,25430.0,41.833332,22.0,5548.8257,0.38208643,8.922658,8.932974,0.0,1.0,0.0,0.0,0.0,1.0,0.5,30.1,68.4,1720805.0,2083380.0,,5370.98122121275,,29.628620365371106,,11189794856.6502,23.440163414090797,,0.0038313081731076,,14.358302762556727,,,,,,,,,,,,,,,,,,,,,,,,,,,,,,,,,,,,,,,,,,,,,,,,,,,,,,,,
MLI,0.0,0.0,0.0,0.0,0.032258064,3.4827788,0.45440128,0.16855828,0.962525,1036.45,1074.26,1163.95,15.277317,-7.0,-7.0,1.0,1.0,0.0,0.0,0.0,0.0,0.0,2940.0,2940.0,7.986165,1.0,0.0,0.0,0.0,1.0,151.0,118.0,53.3,0.9899238,260.144,0.11,0.73571444,0.735564,0.71974504,0.7196037,0.20958605,0.41917208,0.62875813,0.62875813,255734.81,511469.6,767204.4,0.0,1.0,28.583412,0.32844955,0.08109278,0.0371712,28.79528,0.74452,1220190.0,17.0,-4.0,46367.22,0.02670587,8.006368,8.011189,1.0,0.0,0.0,0.0,0.0,0.2,0.7,80.0,19.1,5949042.0,20250834.0,360.789734658164,755.902899011372,15.2773172101041,14.3046186498789,2146353284.65027,15307664127.9981,18.751569191099893,0.0149023001245978,0.0248018897263702,5.888295336171086,15.598740756155207,4500,0.80856916,0.0,0.0,0.166666672,0,278.9006,0,3.925618,0.02451561,0.0,1,0,1.891604781,0.028000001,6.282266747,.,0.01,0.1,0.2,0.120999998,0,0.58,0,98.68,0.0,35.9,0,0.8,0.01,2.0,0.0,0.311,0.0,0.012,0.1,6.751831978,0.434199989,4375,0.0235429,0.894,6.89,127,0.24,0,14.66592855,0,0.0,45.58723506,-0.017520402,0.144827586,1,0,0,0.16,0.4011322
MLT,,1.0,1.0,1.0,0.95454544,54.81102,19.151588,3.2565928,,,,,30.026821,,,0.0,0.0,0.0,0.0,0.0,0.0,0.0,16.3,16.3,2.7911650000000003,1.0,,,,,102.0,,,,151.79025,,0.735888,0.73571986,,,,31.25,62.5,62.5,,10000.0,20000.0,0.0,1.0,17.768229,0.148625,,,38.688023,,320.0,35.833332,14.433333,80.0,0.2805625,8.935904,8.929144,0.0,1.0,0.0,0.0,0.0,0.5,97.3,0.0,2.2,302650.0,525285.0,3324.6184771311605,26013.5054616294,30.0268419309424,23.4198845624248,1006195782.10374,13664504216.412,23.955369681859494,0.0420034126311881,0.0110883035484437,8.109110202786438,12.620332301319833,.,0.10333333,1.0,0.0,0.833333313,0,1.5198,.,.,-0.00039761,0.0,2,0,0.723676383,0.013,7.225481473,0.0361,0.06,0.24,0.23,0.1779,0.02,0.805546,0,100.85,0.0,69,.,.,0.04,2.0,0.0,1.3865,0.001,0,1,3.480133321,0.368099988,329,0.072948299,0.214,1.56,79,0,0,13.02153922,0,0.0,12.11132793,-0.02131759,0.386206897,.,0,0,0.47,.
MMR,48.137665,0.0,0.0,0.0,0.0,13.861853,7.5378466,0.28728837,0.75402534,261.538,347.742,336.075,14.17154,-7.0,-7.0,0.0,1.0,0.0,0.0,0.0,0.0,0.0,,34.6,3.543854,1.0,,8.0,0.0,1.0,,,,0.7168632,227.49008,0.46,0.70510024,0.70530945,0.699912,0.700564,1.5207969,3.0415938,6.0831876,6.0831876,1000000.0,2000000.0,4000000.0,0.0,0.0,22.890743,0.6627526,0.60498875,0.4003596,180.24501,0.25183,657550.0,22.0,98.0,99092.78,0.2549254,8.517193,8.555452,0.0,0.0,1.0,0.0,0.0,3.2,0.9,3.6,92.3,27269063.0,54409794.0,170.717636807125,1478.12473246512,,31.100308453698897,4655309993.3046,80424462199.7321,28.522693319926116,0.0441157666562883,0.0139117063427944,5.140010944950166,17.12126339412877,,,,,,,,,,,,,,,,,,,,,,,,,,,,,,,,,,,,,,,,,,,,,,,,,,,,,,,,
MNG,50.0,0.0,0.0,0.0,0.0,24.210339,15.656191,5.633471,0.0,1675.81,1855.69,1679.42,,-7.0,-7.0,1.0,0.0,0.0,0.0,0.0,0.0,0.0,,,,0.0,,,,,76.0,,,0.0,105.297455,0.09,0.70619744,0.70653236,0.71156794,0.7118773,0.19150974,0.3191829,0.38301948,0.38301948,300000.0,500000.03,600000.0,0.0,0.0,-0.34351656,1.4489423,0.53227144,0.0,20.971245,0.67663,1566500.0,46.0,105.0,11748.75,0.19473034,8.517193,8.53149,0.0,0.0,1.0,0.0,0.0,0.0,0.0,1.4,98.6,1278819.0,3278292.0,,4053.63263613099,,24.5547033731375,,13288991441.9671,38.95441824623093,,0.0190060701452234,,14.061447553736524,,,,,,,,,,,,,,,,,,,,,,,,,,,,,,,,,,,,,,,,,,,,,,,,,,,,,,,,
MOZ,0.0,,,,0.03125,23.329653,0.7799574,0.061978877,0.902176,203.434,216.222,805.497,,,,0.0,1.0,0.0,0.0,0.0,0.0,0.0,,,,,,0.0,0.0,1.0,146.0,,,1.0,244.48761,0.34,0.7444899,0.7444899,,,,0.38260913,1.2753638,1.2753638,,300876.16,1002920.56,0.0,1.0,23.545628,0.39333135,0.32611138,0.6281266,82.87739,0.3102,786380.0,18.25,35.0,39083.086,0.10458538,7.2442274,7.2442274,1.0,0.0,0.0,0.0,0.0,6.8,31.4,13.0,48.8,9022747.0,31255435.0,,564.644847192848,,,,17648220319.521,32.32153849922989,,0.0251601957938105,,16.015259391128797,9080,0.78633275,0.0,0.0,0.166666672,0,105.0918,14.83222,8.919816,0.02446384,0.0,1,0,1.895969272,.,7.05012252,.,.,0.175,0.261,.,0,0.928306,0,202.84,0.0,35.2,0.33,1,0.08,2.0,0.0,0.5305,0.0,0.012,0.48,15.4251961,0.408399999,7461,0.028816501,.,6.5,127,1,0,15.96756725,1,0.0,237.9366748,0.015028216,0.075862069,0.36018,0.32,1,0,0.2132895
MRT,0.0,0.0,0.0,0.0,0.032258064,35.360077,0.7616198,0.26982126,0.8267799,543.985,591.906,726.632,15.985119,-7.0,-7.0,0.0,1.0,0.0,0.0,0.0,0.0,0.0,,280.0,5.634789,,,2.0,0.0,1.0,167.0,,,0.8512061,245.47748,0.01,0.72920185,0.72920185,0.71050566,0.71050566,0.20958605,0.41917208,0.62875813,0.62875813,216020.34,432040.66,648061.0,0.0,1.0,27.693247,0.2542123,0.109320395,0.0,9.991535,0.61854,1030700.0,20.0,-12.0,4947.36,0.02898075,8.160519,8.160519,1.0,0.0,0.0,0.0,0.0,0.0,0.3,99.4,0.3,1146776.0,4649660.0,2004.32812096365,1683.8561657098098,11.169533544440698,43.1818976391461,2298515385.24621,7829358659.454259,22.154680861649783,-0.0034783844147177,0.028392384750004,7.603064181817762,13.95246508497327,4180,0.27,0.0,0.0,0.166666672,0,1034.5308,2.801948,0.9645831,0.02358584,0.0,3,0,1.871802211,0.026000001,6.65929392,0.0176,0.03,0.29,0.25,0.2094,0,0.955058,0,100.39,0.0,35.3,0.07,0,0.07,2.0,0.0,0.81,0.0,0.866,0.08,7.346666728,0.435699999,991,0.0282543,0.992,6.33,198,0.2,1,13.55800845,0,0.0,53.97351202,-0.038395897,0.255172414,0.69656,0.44,1,0,0.1891727
MUS,23.703089,1.0,1.0,1.0,0.4,50.899998,11.9,1.2,,,,,,9.0,9.0,0.0,1.0,0.0,0.0,0.0,0.0,0.0,,30.5,3.417727,,,9.0,0.0,1.0,19.0,,,0.0,273.365,,0.7452749,0.726162,,,,,,,,,,0.0,1.0,22.588541,0.195625,,,191.07812,,2030.0,20.283333,57.583332,999.97797,0.36925,5.891644,8.918903,1.0,0.0,0.0,0.0,0.0,0.9,31.2,16.4,51.5,826000.0,1265740.0,,9272.843219065258,,18.648689557208897,,11737008576.0997,24.58480678913615,,0.0085728872562631,,13.624350052503114,9590,0.70848485,1.0,0.0,0.833333313,0,3.0758,370.936,0,0.01632374,0.0,5,0,1.342342496,0.002,7.95927596,0.024,0.03,0.14,0.11,0.088,0,0.406899,0.545,52.5,0.0,59.4,1,.,0,2.0,0.0,0.8305,0.0,0.56400001,0.98,7.766611098,0.464899987,660,0.0257576,0.982,2.17,126,0,0,14.4515158,0,0.0,60.32024795,0.073759891,0.220689655,0,0,0,1,0
MWI,26.244926,0.0,0.0,0.0,0.032258064,37.965702,1.3422344,0.09977632,1.0,519.043,521.848,1113.46,25.733168,-9.0,-9.0,0.0,1.0,0.0,0.0,0.0,0.0,0.0,,,,1.0,,0.0,0.0,1.0,157.0,,,1.0,258.25287,0.53,0.75453573,0.7535308,0.755589,0.7541817,,0.40838996,0.8167799,0.8167799,,38421.33,76842.66,1.0,0.0,22.116734,0.859996,0.4361066,0.0216119,92.013176,0.21275,94080.0,13.5,34.0,20998.656,0.18669444,7.495542,7.500198,1.0,0.0,0.0,0.0,0.0,31.5,27.6,16.2,24.7,4703783.0,19129955.0,293.155151741696,526.932201677988,,,1378938219.12501,10080189306.1508,,0.0117964334096227,0.0284550935231657,5.680701996995176,15.363877636544157,7870,0.62243728,1.0,0.0,0.166666672,0,26.6591,0,42.25127,0.03012865,0.0,5,0,2.046530962,0.005,5.940171253,0.0118,0.04,0.21,0.2,0.1872,0,0.907494,0,74.5,0.0,37.9,0,0.52,0.09,2.0,0.0,0.614,0.0,0,0.67,9.21520299,0.456200004,3529,0.026069701,0.963,6.39,116,0,1,14.10894108,0,0.0,84.91996614,0.004255965,0.15862069,1,0,0,0,0.0548084
MYS,52.95267,0.0,0.0,0.0,0.0,39.595062,10.687951,1.4599288,1.0,71.7327,71.5055,1061.3,20.188637,1.0,1.0,0.0,1.0,192000.0,0.0,0.0,0.0,0.0,17.7,17.7,2.873565,1.0,0.794407,10.0,0.0,1.0,12.0,11.4,72.0,0.2543278,271.03558,0.27,0.6892316,0.69374394,0.6776293,0.68886495,0.30374825,0.6074965,1.214993,1.214993,99796.484,199592.97,399185.94,1.0,0.0,26.028496,0.23076233,0.2876175,0.832736,233.9334,0.18203,328550.0,2.5,112.5,18201.67,0.17829835,8.411833,8.693245,0.0,0.0,1.0,0.0,0.0,1.4,2.8,49.4,46.4,10804131.0,32365998.0,1915.8715500728,11637.3511970661,17.5078197649844,19.6779622028168,20699327206.1595,376654485569.54,25.628077597980123,0.0367397613599183,0.0221861288136138,7.557927915611663,16.19543911895997,5380,0.61037037,1.0,0.270000011,0.666666687,0.01,40.3624,32.95543,13.33214,0.02618718,1.0,5,0,1.710549474,0.02,7.258412151,0.028100001,0.07,0.16,0.14,0.0929,0.01,0.322686,0.102,61.59,0.0,54.3,0.8,0.62216,0.1,2.0,0.0,0.7645,0.0,0.30899999,0.96,3.266814398,0.449600011,8140,0.034152299,0.926,3.11,88,0.04,1,16.26295761,0,0.0,10.67207631,-0.023180164,0.15862069,0.1217,0,0,1,0.3379883
NAM,33.333332,,,,0.5,34.20948,14.639165,2.0074031,0.66346365,358.947,359.305,1348.38,,,,0.0,1.0,0.0,0.0,0.0,0.0,0.0,,,,,,9.0,0.0,1.0,87.0,,,0.6194981,263.0291,0.04,0.7423667,0.7448174,0.7375011,0.7401091,,0.07194141,0.14388283,0.14388283,,59228.645,118457.29,1.0,0.0,19.931892,0.9851719,0.36243838,0.0004984,25.288353,0.46784,823290.0,22.0,17.0,8150.5713,0.10209817,7.130899,7.669017,1.0,0.0,0.0,0.0,0.0,64.2,19.1,0.0,16.7,817474.0,2540916.0,,5312.94867779823,,13.2234491487485,,13499756302.5964,19.941920639406344,,0.0229403910861034,,13.613974376966434,8400,.,0.0,0.0,.,0,.,0.239703,0.9725897,.,0.0,.,.,.,.,.,.,.,.,.,.,.,.,0,.,0.0,.,0.17,0.89,.,3.0,0.0,.,0.0,.,.,.,.,.,.,.,.,.,.,.,.,0,0.0,.,.,.,0.4785,.,1,0,0.0283202
NAU,,1.0,,1.0,0.5,,,,,,,,,,,,,,,,,,,,,,,,,,,,,,,,,,,,,,,,,,,,,,,,,,,,,,,,,,,,,,,,,,,,,,,,,,,,,,,,,,,,,,,,,,,,,,,,,,,,,,,,,,,,,,,,,,,,,,,,,,,,,,,,,,,,,,,
NER,0.0,0.0,0.0,0.0,0.032258064,8.693372,0.24346119,0.16974233,1.0,1180.26,1197.49,1348.56,9.849693,-7.0,-7.0,1.0,1.0,0.0,0.0,0.0,0.0,0.0,400.0,400.0,5.991465,0.0,0.0,0.0,0.0,1.0,176.0,115.0,48.5,0.9842288,269.80963,0.01,0.74396914,0.7402218,0.734277,0.7279057,0.20958605,0.41917208,0.62875813,0.62875813,265482.66,530965.25,796447.94,0.0,1.0,27.404308,0.47127628,0.1648548,0.0,17.186642,0.69377,1266700.0,16.0,8.0,144783.81,0.03710857,8.294049,8.188412,1.0,0.0,0.0,0.0,0.0,0.0,0.2,87.9,11.9,4510645.0,24206636.0,817.348333304636,550.440806329148,9.84969371869597,,3686768172.87889,13324320238.3562,16.590675289893824,-0.0078757412900835,0.0341747162420653,6.706065360549895,15.32195071677418,4460,0.73291424,0.0,0.0,0.166666672,0,418.3289,0,2.889398,0.03161321,0.0,5,0,1.925124168,0.01,6.276643489,0.0049,0.03,0.1,0.27,0.2591,0,0.504802,0,93.3,0.0,35.4,0,0.76,0.08,2.0,0.0,0.2865,0.0,0.035,0.05,5.107618527,0.414700001,3028,0.0234478,0.963,6.89,204,0.16,1,14.2923011,0,0.0,26.08776702,-0.011778302,0.206896552,1,0,0,0,0.3761396
NGA,2.3809524,0.0,0.0,0.0,0.6,,,,1.0,473.06,498.793,519.239,,-7.0,-7.0,0.0,1.0,168000.0,0.0,0.0,0.0,0.0,2004.0,2004.0,7.602900999999999,1.0,0.097769,8.0,0.0,1.0,131.0,81.1,50.08,1.0,263.52917,0.42,0.7481788,0.7464535,0.7407232,0.73782486,1.1814605,2.7567413,4.3320217,4.3320217,1076038.8,2510757.2,3945475.5,1.0,0.0,26.817709,0.35510498,0.2138289,0.7613238,97.74968,0.26547,910770.0,10.0,8.0,281974.38,0.07988245,7.901007,7.913704,1.0,0.0,0.0,0.0,0.0,15.8,12.1,45.0,27.1,55982142.0,206139587.0,1691.3694246798498,2273.21856061168,,29.3988605515333,94686483306.8859,468600335245.226,36.19095193337101,0.0059306809449493,0.0264132218236217,7.4332937902542895,17.84054330498514,4770,0.85670898,1.0,0.0,0.5,0,21.5287,132.9795,44.82621,0.03122711,0.0,4,0,1.931231499,0.006,6.340359304,0.0136,0.02,0.06,0.13,0.1094,0,0.60151,0,121.57,0.0,39.7,0.13,1,0.21,2.0,1.0,0.2505,0.0,0.002,0.36,12.52950753,0.454299986,42305,0.0230706,0.988,4.89,277,0.52,1,16.99301987,0,0.0,156.9885589,0.123214372,0.193103448,0.7552,0.12,1,0,0.7899764
NIC,30.959045,0.0,0.0,0.0,0.071428575,34.6,7.2,4.4,1.0,83.9011,84.2195,1145.99,18.594213,-8.0,-8.0,0.0,1.0,0.0,0.0,0.0,0.0,0.0,163.3,163.3,5.095589,1.0,0.632686,1.0,1.0,1.0,119.0,43.4,67.86,0.1,247.21053,0.53,0.61832947,0.6845506,0.62468785,0.67636883,0.58738303,1.1747661,1.5663548,1.5663548,71308.3,142616.6,190155.47,0.0,1.0,25.475386,0.2490711,0.2648365,0.7079345,201.41998,0.26715,121400.0,13.0,-85.0,19169.06,0.16039939,8.006368,8.534249,0.0,0.0,0.0,0.0,1.0,4.4,94.7,0.0,0.9,2406523.0,6624554.0,2162.74450459015,1721.81825546025,18.5942136316761,19.1773869068493,5204694393.41979,11406278011.4822,22.35057911847071,-0.0045495624716128,0.0204584648277705,7.679133298121017,14.693693525128204,3440,0.09917957,0.0,0.0,0.666666687,0,81.3128,17.2196,9.764009,0.03169357,0.0,3,0.01,1.930796504,0.017999999,7.381501895,0.0165,.,0.094,0.084,0.049500001,0.01,0.945304,0,54.01,1.0,47.3,0.63,0.00528,0.04,0.0,0.0,0.6075,0.0,0.64600003,0.66,43.73216834,0.479699999,1493,0.023442701,0.839,5.11,103,0.2,0,14.69004469,1,1.0,1912.502548,-0.017062545,0.4,0.3087,0.24,1,0.33,0.3303121
NLD,73.26945,1.0,1.0,1.0,0.95454544,44.02682,45.8,7.2,0.0,28.6708,67.3148,56.752,28.753466,10.0,10.0,0.0,0.0,9460.0,0.0,0.0,0.0,0.0,,,,,,,,,31.0,,,0.0,65.14107,0.34,0.72964454,0.7295495,0.7165779,0.7170335,5.9031878,8.854781,26.564344,26.564344,200000.0,300000.0,900000.0,0.0,1.0,9.258411,0.05241966,0.05882623,0.0,66.59605,0.38481,33880.0,52.5,5.75,9100.168,0.02148418,8.699514,8.700735,0.0,1.0,0.0,0.0,0.0,42.4,42.6,1.0,14.0,13038526.0,17441139.0,24519.6092361381,53081.311007557306,29.719066731022394,21.3671660777739,319699562535.226,925798523585.037,22.38891897169608,0.0155669567940628,0.0058354243948062,10.107228453387194,16.383419071263823,140,0.06343537,0.0,0.0,1,0,2.9547,353.6062,414.5556,0.00853974,0.0,4,0,0.915490448,0.044,8.712266432,0.041200001,0.07,0.16,0.15,0.067799999,0.13,0.499461,0,63.92,0.0,73.3,1,0,0.03,0.0,0.0,0.8505,0.0,0,1,4.487562055,0.3,11480,0.090069696,0.433,1,105,0,1,18.0606281,0,0.0,20.1382132,-0.008847564,0.634482759,0,0,0,0.8,0
NOR,44.81481,1.0,1.0,1.0,0.95454544,71.3,20.7,7.4,0.0,332.584,89.2999,1085.44,31.900316,10.0,10.0,0.0,0.0,2040000.0,0.0,0.0,0.0,0.0,,,,0.0,,,,,6.0,,,0.0,33.443672,0.02,0.7278814,0.7278814,,,0.3265306,0.6530612,1.3061224,1.3061224,99356.734,198713.47,397426.94,0.0,0.0,1.2093879,0.43556193,0.3552708,0.0,84.6646,0.87029,304280.0,62.0,10.0,8763.265,0.19816233,8.517193,8.517193,0.0,1.0,0.0,0.0,0.0,97.8,0.3,0.1,1.8,3875763.0,5379475.0,32244.646376809,90884.6145970484,32.9061509887469,30.3081661295963,124972607375.32,488911512109.457,27.4816768092945,0.0209410235512472,0.0065785087379059,10.381107304623884,15.170253104612495,1000,0.06988372,0.0,0.0,1,0,85.6828,22.41369,2.763691,0.00548178,0.0,4,0,0.948564231,0.034000002,8.632305999,0.034899998,0.09,0.15,0.13,0.0621,0.07,0.984102,0,79.39,0.0,73.4,0.48,0,0.08,0.0,0.0,0.851,0.0,0,1,6.589456772,0.2588,3581,0.111142099,0.446,1,107,0,0,16.81570337,0,0.0,43.42094055,0.007195704,0.668965517,0,0,0,0.78,0
NPL,24.603172,0.0,0.0,0.0,0.0,1.9,1.7,0.3,0.0,288.941,825.382,288.941,5.9648724,-9.0,-9.0,1.0,1.0,0.0,0.0,0.0,0.0,0.0,,,,,,1.0,1.0,1.0,108.0,,,0.1628608,250.36415,0.45,0.7162813,0.7162813,0.71798766,0.71798766,6.993007,10.489511,13.986014,13.986014,1000000.0,1500000.0,2000000.0,1.0,0.0,12.51837,2.2996023,1.921245,0.0,97.24778,0.39967,143000.0,28.0,84.0,23237.5,0.5192441,8.699514,8.699514,0.0,0.0,1.0,0.0,0.0,0.0,0.0,3.0,97.0,12074628.0,29136808.0,284.414564307871,832.711063201292,5.96487226277372,28.400025924005497,3434200061.79962,24262542367.9719,21.251550654474904,0.0217175423526989,0.0177740282000458,5.650432907264388,16.306616949574934,5160,0.45,0.0,0.050000001,0.333333343,0,14.547,0,75.83333,0.02389093,0.0,5,0,1.844984293,0.005,6.442540166,0.0048,0.03,0.03,0.27,0.2552,0.01,0.6334,0.77,78.35,0.0,38.5,0,0.04617,0,0.0,0.0,0.1495,0.0,0,0.1,8.397478486,0.384499997,9404,0.039238598,0.649,4.33,73,0.08,0,15.59143058,0,0.0,70.51764492,-0.0086,0.027586207,0,0,0,0.09,0.0549556
NZL,18.311428,1.0,1.0,1.0,0.95454544,32.184074,55.048065,11.893906,0.0,39.581,39.504,9407.09,,10.0,10.0,0.0,0.0,48300.0,0.0,0.0,0.0,0.0,8.55,8.55,2.145931,,0.959488,10.0,10.0,7.0,3.0,6.8,76.9,0.0,120.704285,0.31,0.62694323,0.71000844,,,,,0.37314826,0.37314826,,,99895.52,1.0,0.0,11.053463,0.3439544,0.4125177,0.0,138.89967,0.48836,267710.0,41.0,174.0,14991.76,0.27984992,6.684612,8.533614,0.0,0.0,0.0,1.0,0.0,37.9,18.7,0.0,43.4,2810700.0,5084300.0,,37922.2391359625,,,,192808040438.974,23.633200821834084,,0.0119250187256212,,14.848944120607388,9280,0.14756993,1.0,0.0,1,0,112.9806,10.12706,2.210206,0.01187142,0.0,5,0.9,1.148988485,0.018999999,8.982184279,0.025599999,0.07,0.14,0.14,0.090400001,0.13,0.724194,0,68.53,0.0,71,0.96,0,0.01,0.0,0.0,0.4735,0.0,0,1,8.532894651,0.328799993,2372,0.086424999,0.89,1,101,0,0,16.75367304,0,0.0,72.81029113,-0.042344622,0.386206897,0,0,0,0.2,0
OMN,33.333332,0.0,0.0,0.0,0.0,,,,0.9346141,110.127,110.358,2620.31,13.764045,-10.0,-10.0,0.0,0.0,2670000.0,0.0,0.0,0.0,0.0,,,,1.0,,,,,47.0,,,0.8682069,255.66895,0.00489,0.7345856,0.7333669,0.7270658,0.7274984,0.3231018,0.6462036,0.6462036,0.6462036,100000.0,200000.0,200000.0,0.0,1.0,26.891972,0.28089505,0.2228705,0.0,6.577069,0.49562,309500.0,21.0,57.0,371.4,0.15031864,8.922658,8.955941,0.0,0.0,1.0,0.0,0.0,0.1,0.1,98.9,0.9,723842.0,5106622.0,9097.990636802242,,13.7640449438202,,6585507738.52421,,23.582255337509554,,0.0398478510947299,9.115808858980404,13.492328415507576,5540,.,0.0,0.0,0.166666672,0,420.7129,3.046808,2.899202,0.03775907,0.0,3,0,1.97129941,.,.,.,.,.,.,0.01,0,1,0,.,0.0,40.3,0.47,0.81356,0.41,0.0,1.0,1.078,0.0,0.61900002,.,8.522209455,.,505,0.0277228,1,6.22,129,0.6,0,.,0,0.0,72.628054,0.0766,0,0.26165,0,0,0.42,0
PAK,3.5714288,0.0,0.0,0.0,0.0,7.9508243,7.942482,1.1666559,0.0,637.725,644.27,1714.63,15.793001,-88.0,0.0,0.0,1.0,3220.0,0.0,0.0,0.0,0.0,36.99,36.99,3.610648,,0.094196,1.0,0.0,1.0,107.0,74.1,63.95,0.4946105,218.7124,0.06,0.72586536,0.72560614,0.7236558,0.7232812,8.775915,19.874866,25.811514,25.811514,6765177.5,15321137.0,19897580.0,1.0,0.0,21.092703,0.88197094,1.2387791,0.0,25.414837,0.79443,770880.0,30.0,70.0,212994.14,0.2237018,9.1049795,9.100526,0.0,0.0,1.0,0.0,0.0,0.8,0.5,96.8,1.9,58142062.0,220892331.0,469.43771536669294,1168.34297401467,15.7923394274465,15.4065133813776,27294076751.9886,258078002937.573,17.24639907542207,0.018403416149999,0.0270552435039084,6.151535628222199,17.878399918582367,5950,0.62155983,1.0,0.0,0.333333343,0,15.4315,67.62395,74.80611,0.03055639,0.0,3,0,1.960376382,0.026000001,6.458338283,0.0154,0.07,0.15,0.18,0.1396,0.01,0.702976,0.17,56.4,0.0,43.3,0.09,0.42897,0.01,2.0,0.0,0.2445,0.0,0,0.3,7.236452432,0.4366,49955,0.041577399,0.428,4.94,77,0.32,0,17.27721616,0,0.0,52.3662438,-0.002298959,0.206896552,0,0.08,1,0,0.0367505
PAN,0.0,0.0,0.0,0.0,1.0,53.5,17.4,4.2,1.0,20.4568,20.4908,638.593,,-7.0,-7.0,0.0,1.0,0.0,0.0,0.0,0.0,0.0,163.3,163.3,5.095589,1.0,1.0,0.0,0.0,1.0,61.0,21.4,73.6,0.0309956,247.03604,0.47,0.6131938,0.68795234,0.61295915,0.6778369,0.58738303,1.1747661,1.5663548,1.5663548,43718.918,87437.836,116583.78,0.0,1.0,25.521591,0.23283736,0.27756688,1.0,210.73322,0.13446,74430.0,9.0,-80.0,5403.618,0.28598613,7.783224,8.513963,0.0,0.0,0.0,0.0,1.0,5.2,85.0,4.5,5.3,1519286.0,4314768.0,3434.7261378900603,9611.28542532737,34.434374256110104,,5218331335.130429,41470466792.0689,31.96468948501609,0.0207932443112335,0.0210954906390472,8.141692474517406,14.233751045619442,3590,0.19083333,0.0,0.0,0.166666672,0,64.8345,17.50638,0,0.0249909,0.0,3,0.14,1.6572752,0.005,7.362010551,0.036499999,0.08,0.14,0.22,0.182500001,0.05,0.76685,0,87.23,1.0,60.9,1,0.24564,0,0.0,0.0,0.8065,0.0,0.69499999,0.96,3.28106413,0.434899986,1148,0.040069699,0.964,5.72,129,0.16,0,14.40778713,0,1.0,10.76538182,-0.028030194,0.475862069,0,0,0,0.28,0.4596233
PER,17.01756,0.0,0.0,0.0,0.071428575,47.1,13.4,4.5,1.0,254.983,368.049,679.183,15.5,-7.0,-7.0,0.0,0.0,16600.0,0.0,0.0,9.0,5.0,71.0,71.0,4.2626800000000005,,0.173208,1.0,4.0,3.0,43.0,45.0,68.32,0.029737,287.4974,0.26,0.5968042,0.64335716,0.5877162,0.63140315,0.5859375,1.171875,1.5625,1.5625,750000.0,1500000.0,2000000.0,0.0,1.0,19.876368,1.2584555,1.553278,0.4591457,127.36689,0.65394,1280000.0,10.0,-76.0,36992.0,0.36024526,8.36637,8.530317,0.0,0.0,0.0,0.0,1.0,2.7,95.1,0.0,2.2,13459789.0,32971846.0,3352.03480769187,5685.370838701911,17.1313142758517,17.8207416220504,45117681232.1881,187457171746.57,25.090276603791573,0.0106225992019861,0.0180804555435969,8.117322845704344,16.41521720598072,5940,0.43159091,0.0,0.0,0.333333343,0,128.8893,28.76789,4.808678,0.02620731,0.0,3,0,1.809271932,0.027000001,7.610357618,0.024499999,0.04,0.12,0.15,0.0935,0.04,0.897726,0,61,1.0,48,0.24,0.00255,0.02,0.0,0.0,0.3255,0.0,0.56400001,0.83,60.61483112,0.433200002,9931,0.034336898,0.985,3.78,83,0.28,0,16.81377408,0,1.0,3674.157752,0.002247281,0.455172414,0.5032,0.04,1,0.49,0.4591777
PHL,60.514153,0.0,0.0,0.0,1.0,56.300003,14.2,9.6,1.0,27.3757,27.2979,1670.54,21.343594,2.0,2.0,0.0,0.0,2220.0,0.0,0.0,0.0,0.0,,,,1.0,,6.0,0.0,1.0,138.0,,,0.75,260.0429,0.73,0.6833667,0.6833667,,,,0.33537915,1.6768957,1.6768957,,100000.0,500000.0,0.0,1.0,26.207767,0.22866067,0.3683388,1.0,204.67676,0.08853,298170.0,13.0,122.0,56503.22,0.30937746,8.517193,8.517193,0.0,0.0,1.0,0.0,0.0,3.8,84.1,4.3,7.8,35803591.0,109581085.0,1305.15163406517,2980.01581411657,21.343593378221,17.3830761941597,46729115299.0509,326553366228.052,22.334364689808275,0.0166492671955391,0.0226244690384724,7.174074507692668,17.393558753603063,3010,0.7238207,0.0,0.02,0.166666672,0,10.8185,107.5375,26.15232,0.02749588,1.0,3,0,1.854264617,0.013,7.032624261,0.0233,0.02,0.11,0.14,0.1047,0.13,0.587954,0,89.45,0.0,53.1,1,0.48743,0.02,2.0,0.0,0.3945,0.0,0.012,0.95,10.77909792,0.469599992,27561,0.030441601,0.924,4.28,92,0.44,0,17.25678127,0,0.0,116.1889521,-0.026826397,0.15862069,0.0007,0.36,1,0.16,0.3255408
PLW,,,,,0.6666667,,,,,,,,,,,,,,,,,,,,,,,,,,,,,,275.7354,,0.67193025,,,,,,,,,,,,,,,,,,,460.0,7.5,134.0,,,,,0.0,0.0,0.0,1.0,0.0,,,,,11803.0,18092.0,,,,,,,28.93402979284441,,0.008578912051472,,9.37610901542907,,,,,,,,,,,,,,,,,,,,,,,,,,,,,,,,,,,,,,,,,,,,,,,,,,,,,,,,
PNG,,,,,0.6666667,11.747474,2.1043894,2.251599,1.0,79.6111,80.0078,4671.28,41.603043,,,0.0,0.0,81500.0,0.0,0.0,0.0,0.0,,170.0,5.135798,1.0,,10.0,0.0,1.0,104.0,,,0.5892759,271.8784,0.57,0.65731204,0.65731204,,,0.71428573,1.2755102,1.5306122,1.5306122,323471.44,577627.56,693153.06,1.0,0.0,25.360975,0.4227265,0.73280483,0.7253582,259.9521,0.22326,452860.0,6.0,147.0,2037.87,0.39117372,8.294049,8.294049,0.0,0.0,0.0,1.0,0.0,58.4,32.8,0.0,8.8,2783132.0,8947027.0,1592.79984012032,2346.8010730426604,41.603046217375706,,4432972204.633739,20996892564.1417,22.55140423079988,0.0077813139224842,0.0236297487235197,7.373248652373487,14.83908747021326,4500,0.80272727,0.0,0.0,0.833333313,0,235.8646,4.690946,4.864055,0.02344454,1.0,5,0.01,1.803688049,0.014,7.118826249,0.0233,0.1,0.34,0.43,0.3917,0,0.922408,0,52.5,0.0,41,0.69,0.95,0.19,2.0,0.0,0.691,0.0,0,0.32,5.193408687,0.404500008,1920,0.0291667,0.971,2.31,105,0,1,14.67890671,0,0.0,26.97149379,-0.047800001,0.131034483,0.3581,0,0,0,0.3453681
POL,0.0,0.0,0.0,0.0,0.037037037,68.7,20.7,5.4,0.0,60.476,279.241,68.9903,,-7.0,-7.0,0.0,0.0,1100.0,0.0,0.0,0.0,2.0,,,,0.0,,,,,55.0,,,0.0,68.10258,0.55,0.73588604,0.7358722,0.729141,0.7291181,1.6427914,4.1069784,13.142331,13.142331,500000.0,1250000.0,4000000.0,0.0,0.0,7.65305,0.18871395,0.12775789,0.0,52.01452,0.19799,304360.0,52.0,20.0,139944.73,0.05231206,8.699514,8.703258,0.0,1.0,0.0,0.0,0.0,0.1,81.0,0.0,18.9,32664300.0,37950802.0,,16945.2351796873,,17.3120669944055,,643085265147.7471,21.28535196713838,,0.0030046629437954,,17.30179329636259,1130,0.03904924,0.0,0.0,0.166666672,0,.,75.8737,108.9466,.,0.0,1,0,0.832039177,.,.,.,.,.,.,.,0.07,0.779946,0,.,0.0,67.3,0.84,0,0.04,1.0,0.0,0.445,0.093,0.04,1,.,.,.,.,0.328,5.72,.,0,.,.,1,0.0,.,.,0.524137931,0,.,0,0.11,0
PRK,,0.0,0.0,0.0,0.0,,,,0.0,69.7366,70.2032,1038.77,,-9.0,-9.0,0.0,0.0,0.0,0.0,0.0,0.0,3.0,,,,,,,,,,,,0.0,106.784454,0.66,0.6929136,0.69295454,0.7024879,0.7025142,0.9126586,11.408232,18.253172,18.253172,109893.22,1373665.1,2197864.5,0.0,0.0,6.21915,0.5260107,0.4640691,0.0,82.878586,0.2287,120410.0,40.0,127.0,25996.52,0.24439424,8.411833,8.418808,0.0,0.0,1.0,0.0,0.0,0.0,0.0,0.0,100.0,14410391.0,25778815.0,,,,,,,,,0.0116999853409953,,16.483460101542352,,,,,,,,,,,,,,,,,,,,,,,,,,,,,,,,,,,,,,,,,,,,,,,,,,,,,,,,
PRT,47.267624,0.0,0.0,0.0,0.0,47.3,6.8,1.6,0.0,92.9028,104.739,162.932,27.836266,-9.0,-9.0,0.0,0.0,0.0,0.0,0.0,0.0,0.0,,,,0.0,,,,,30.0,,,0.0,138.77466,0.44,0.7218809,0.7219085,,,5.464481,6.557377,13.661202,13.661202,500000.0,600000.0,1250000.0,0.0,1.0,15.261314,0.35467842,0.2219436,0.0,74.45222,0.36876,91500.0,39.5,-8.0,17998.05,0.44474465,8.779557,8.779643,0.0,1.0,0.0,0.0,0.0,1.1,94.1,0.0,4.8,8680431.0,10305564.0,8759.96732014665,22769.6819060936,28.0652022282216,19.149010519537494,76040291884.7879,234654414142.89,24.685598462749805,0.0192884182926573,0.0034381521674728,9.077947453346612,15.976581739781675,1750,0.0025,0.0,0.0,0.166666672,0,10.4181,141.8488,33.13247,0.00599058,0.0,4,0,1.043451905,0.061999999,7.533158807,0.0138,0.09,0.15,0.13,0.052200001,0.04,0.998002,0,62.74,0.0,63.7,0.69,0,0.03,0.0,0.0,0.5825,0.0,1,1,12.28177172,0.291399986,8826,0.0798776,0.361,2.22,92,0.28,0,16.618616,0,0.0,150.8419165,-0.0093,0.448275862,0,0,0,0.78,0
PRY,16.111115,0.0,0.0,0.0,0.071428575,68.0,10.5,2.0,0.5700223,171.161,961.766,171.161,14.727553,-8.0,-8.0,1.0,0.0,0.0,0.0,0.0,0.0,0.0,78.1,78.1,4.35799,,0.0,0.0,1.0,2.0,103.0,39.2,69.61,0.0001715,215.40868,0.52,0.5793399,0.65879625,0.5685799,0.6447296,,0.25169897,0.50339794,0.50339794,,100000.0,200000.0,0.0,1.0,23.497328,0.17392243,0.091198966,0.2626645,96.252495,0.29182,397300.0,23.0,-57.996387,28486.41,0.03135587,8.294049,8.6497965,0.0,0.0,0.0,0.0,1.0,1.9,96.0,0.0,2.1,2474757.0,7132530.0,1726.8991221861,5162.95915101487,14.7275129803393,19.1897408831821,4273655690.9239,36824961033.3881,20.439253061333503,0.0221452962045278,0.0213961603448704,7.454082664272758,14.721652767346596,7580,0.41111111,0.0,0.0,0.166666672,0,223.9572,0,5.162346,0.02977306,0.0,3,0,1.793923736,0.017000001,7.070724107,0.0138,0.01,0.09,0.15,0.118199999,0.02,0.934312,0,92.6,1.0,63.9,0.32,0.034,0,0.0,0.0,0.2995,0.0,0.036,0.98,11.72571792,0.460599989,1774,0.0326945,0.911,4.94,141,0.08,0,14.55171627,0,1.0,137.4924608,-0.028768204,0.234482759,0.5,0,0,0.13,0.1502231
QAT,,,,,0.0,5.8724575,13.356381,10.587845,0.0,14.1758,14.2179,2060.64,,,,0.0,0.0,7630000.0,0.0,0.0,0.0,0.0,,,,,,,,,40.0,,,0.0,224.21544,0.003,0.7401268,0.74287784,0.7378256,0.7448553,,0.88393885,0.88393885,0.88393885,,9723.327,9723.327,0.0,1.0,26.954592,0.0439043,0.02079302,0.0,6.008883,0.0,11000.0,25.5,51.25,180.4,0.02599742,8.922658,9.002597,0.0,0.0,1.0,0.0,0.0,0.9,1.2,92.4,5.5,109521.0,2881060.0,,59923.95965775581,,,,172644523211.574,34.42736288388622,,0.0675816443103094,,11.60387159067302,,,,,,,,,,,,,,,,,,,,,,,,,,,,,,,,,,,,,,,,,,,,,,,,,,,,,,,,
ROM,0.0,0.0,0.0,0.0,0.037037037,60.566536,28.034878,3.401691,0.0,110.138,389.885,111.125,,-7.0,-7.0,0.0,0.0,68000.0,0.0,0.0,0.0,0.0,,,,,,,,,72.0,,,0.0,96.34664,0.64,0.74298805,0.7429342,0.7319389,0.73193485,3.482652,3.482652,8.70663,8.70663,800000.0,800000.0,1999999.9,0.0,0.0,9.506096,0.32426962,0.3355406,0.0,51.000156,0.22235,229710.0,46.0,25.0,93813.56,0.13585009,8.922658,8.92443,0.0,1.0,0.0,0.0,0.0,5.8,4.9,1.2,88.1,,,,,,,,,,,,,,,,,,,,,,,,,,,,,,,,,,,,,,,,,,,,,,,,,,,,,,,,,,,,,,,,,,,,,
RUS,0.0,0.0,0.0,0.0,0.037037037,47.671677,38.401115,6.5478907,0.0,2385.58,2325.4,3227.86,,,,0.0,0.0,,0.0,0.0,0.0,0.0,,,,0.0,,,,,112.0,,,0.0,43.582577,0.09,0.7331309,0.73332053,0.7391281,0.7389801,0.12819465,0.2502848,0.74474984,0.74474984,2100000.0,4100000.2,12200000.0,0.0,0.0,-6.19696,0.32648116,0.3712135,0.0,36.379436,0.81199,16381340.0,60.0,100.0,1243343.8,0.09803154,8.517193,8.52932,0.0,1.0,0.0,0.0,0.0,0.0,1.4,11.3,87.3,130404000.0,144104080.0,,11786.6213075834,,23.9879493606627,,1726662088420.88,23.709827620105784,,0.0019999671198382,,18.68614788183299,,,,,,,,,,,,,,,,,,,,,,,,,,,,,,,,,,,,,,,,,,,,,,,,,,,,,,,,
RWA,0.0,0.0,0.0,0.0,0.032258064,13.746907,1.0346279,0.17586029,1.0,1057.96,1057.96,1906.86,7.0486584,-5.0,-5.0,1.0,1.0,0.0,0.0,0.0,0.0,0.0,,280.0,5.634789,,,1.0,0.0,1.0,52.0,,,1.0,277.15332,0.47,0.76258564,0.7625331,0.7650095,0.7649309,,11.916584,24.826216,24.826216,,293982.12,612462.75,0.0,1.0,19.053009,1.6256166,0.2136996,0.7714808,104.67065,0.14682,24670.0,2.0,30.0,8999.616,0.2967278,7.824046,7.8399196,1.0,0.0,0.0,0.0,0.0,11.6,55.6,8.6,24.2,3757351.0,12952209.0,355.808364472733,849.035103820977,7.048658288804231,24.5261445301891,1336896914.05999,10996880113.026,14.72322006332358,0.0175463244129296,0.0250598932254255,5.874392283872585,15.139224745797742,6460,0.06086207,0.0,0.0,0.166666672,0,8.9971,0,129.0231,0.03223426,0.0,1,0,2.051813364,0.026000001,6.285998095,0.025599999,0,0.11,0.2,0.1484,0,0.996008,0,172.36,0.0,46.5,0,1,0,2.0,0.0,0.285,0.0,0,0.49,8.726076099,0.445100009,2742,0.0237053,0.992,6.33,165,0.14,0,14.20244095,0,0.0,76.14440408,-0.030318633,0.172413793,1,0,0,0,0
SAU,33.333332,0.0,0.0,0.0,0.0,27.382345,12.161485,6.1133046,0.48564333,341.327,341.353,1361.73,16.780977,-10.0,-10.0,0.0,0.0,15700000.0,0.0,0.0,0.0,0.0,,,,,,,,,22.0,,,0.0931783,241.03246,0.00473,0.7433225,0.7428897,0.7441959,0.7444602,0.46518335,0.9303667,0.9303667,0.9303667,930366.7,1860733.4,1860733.4,1.0,0.0,25.080618,0.5882986,0.3737256,0.0,8.414915,0.37324,2000000.0,25.0,45.0,33400.0,0.08000441,8.935904,8.9355,0.0,0.0,1.0,0.0,0.0,0.1,0.1,98.8,1.0,5836388.0,34813867.0,22133.9120123861,19390.0189343094,22.3968199358353,26.3930185290155,129182098462.146,675041540306.531,23.72061421766994,-0.0026435489912671,0.0363636268699945,10.004866191592564,15.579622670307934,4700,.,0.0,0.0,0.166666672,0,527.5313,4.853882,1.857222,0.04195169,0.0,3,0,1.98471868,0.055,8.264620829,0.0305,0.04,0.07,0.07,0.01,0,1,0,203.72,0.0,44.7,0.13,0.27666,0.22,1.0,1.0,0.899,0.0,0.98699999,0.12,4.361005772,0.433099985,4075,0.033374202,0.999,6.06,.,0.12,1,16.57724686,0,0.0,19.01837134,0.138629436,0.089655172,0.37265,0,0,0.45,0
SDN,,0.0,0.0,0.0,0.032258064,13.337848,1.5597409,0.5777595,1.0,962.166,1004.52,1260.65,,-88.0,-2.0,0.0,1.0,10900.0,0.0,0.0,0.0,0.0,88.2,88.2,4.479607,,0.02323,8.0,0.0,1.0,143.0,70.9,54.97,0.9802403,280.0155,0.22,0.7668201,0.76517206,0.77313924,0.7703605,0.84175086,1.2626263,1.6835017,1.6835017,2000000.0,3000000.0,4000000.0,1.0,0.0,26.799198,0.54336077,0.21885361,0.2189206,37.28664,0.66939,2376000.0,15.0,30.0,162280.8,0.06401037,8.517193,8.4907675,1.0,0.0,0.0,0.0,0.0,0.1,4.4,73.0,22.5,10281695.0,43849269.0,794.908492560512,1939.93305151612,,5.786535234504679,10950425690.4168,85064646217.9212,16.994296369461143,0.0180037835299708,0.0294326841064314,6.678227004331924,16.145875687668024,4730,0.51218001,1.0,0.0,0.166666672,0,212.8079,4.765792,5.211964,0.02751821,0.0,4,0,1.899117947,0.018999999,6.549895019,0.0176,0,.,.,0.268699999,0,0.5288,0,.,0.0,38.8,0,0.89,0,2.0,0.0,0.323,0.0,0.51999998,0.25,17.36435176,0.442499995,11165,0.0294671,0.999,5.39,163,0.68,0,15.87043418,0,0.0,301.5207121,0.025131442,0.082758621,0.9796,0.08,1,0.15,0.3102262
SEN,42.857143,0.0,0.0,0.0,0.032258064,40.729053,1.6512977,0.49840727,1.0,107.65,236.727,114.307,13.992467,-7.0,-7.0,0.0,1.0,0.0,0.0,0.0,0.0,0.0,164.66,164.66,5.103883000000001,1.0,0.2447619999999999,3.0,0.0,1.0,166.0,63.2,52.32,1.0,259.73373,0.28,0.7280347,0.7281674,0.70695865,0.70729315,1.1814605,2.7567413,4.3320217,4.3320217,227466.6,530755.4,834044.1,0.0,1.0,28.035494,0.06367182,0.08275009,0.2727703,61.812756,0.41605,192530.0,14.0,-14.0,23546.418,0.02695482,8.006368,8.037867,1.0,0.0,0.0,0.0,0.0,0.1,5.6,91.0,3.3,4257508.0,16743930.0,1207.3202275507902,1500.23892447591,9.543292316037949,32.2634678986006,5140175527.3593,25119895534.6999,17.59634763175476,0.0043538739441315,0.0277655078809524,7.096158494567897,15.264194570554208,4757,0.77886822,0.0,0.0,0.166666672,0,60.411,47.15005,9.656407,0.02780182,0.0,4,0,1.867021561,0.011,6.953684211,0.0187,0.02,0.21,0.28,0.2543,0,0.569848,0,100.48,0.0,39.6,0.59,1,0,2.0,0.0,0.593,0.0,0.001,0.27,5.909434506,0.426600009,3187,0.030122399,0.811,4.33,146,0.04,0,15.02051953,0,0.0,34.92141618,0.035020247,0.234482759,0.4321,0,0,0,0.8486041
SER,,0.0,,,0.037037037,56.9,15.3,3.9,0.0,78.9691,297.913,85.3824,,,,,,,,,,,,,,,,,,,,,,,,,,,,,,,,,,,,,,,,,,,,,,,,,,,,,,,,,,,,,,,,,,,,,,,,,,,,,,,,,,,,,,,,,,,,,,,,,,,,,,,,,,,,,,,,,,,,,,,,,,,,,,,,
SGP,,,,,,,,,,,,,,,,0.0,1.0,0.0,0.0,0.0,0.0,0.0,17.7,17.7,2.873565,,1.0,8.0,0.0,1.0,1.0,4.9,77.1,0.0,265.11182,,0.688096,0.69828105,,,0.30374825,0.6074965,1.214993,1.214993,203.51132,407.02264,814.0453,1.0,0.0,26.862743,0.03314165,,,206.82697,,670.0,1.3666667,103.8,9.983,0.042525,8.411833,9.010364,0.0,0.0,1.0,0.0,0.0,2.6,4.7,17.4,75.3,2074507.0,5685807.0,6786.93537668064,56349.02942372941,38.17631350671,22.6192981008787,14079544947.4716,320389705940.647,31.05695361207484,0.0432400577861709,0.0203696776373432,8.822754775025988,14.545234093056427,5300,0.3215287,1.0,0.460000008,0.333333343,0.150000006,0.3733,3081.967,0,0.01685737,1.0,4,0.09,1.232560277,0.003,7.413367336,0.033399999,0.05,0.12,0.08,0.043600001,0.06,0.328758,0.075,86.98,0.0,63.7,1,0,0,2.0,0.0,2.461,0.0,0.713,1,3.425439618,0.432200015,1634,0.020807801,0.695,4.5,87,0,1,14.81215361,0,0.0,11.73363658,0.019400001,0.144827586,0,0,0,1,1
SIN,39.285713,0.0,0.0,0.0,0.0,29.6,20.9,2.0,,,,,38.206264,-2.0,-2.0,,,,,,,,,,,,,,,,,,,,,,,,,,,,,,,,,,,,,,,,,,,,,,,,,,,,,,,,,,,,,,,,,,,,,,,,,,,,,,,,,,,,,,,,,,,,,,,,,,,,,,,,,,,,,,,,,,,,,,,,,,,,,
SLB,0.0,,,,0.6666667,,,,,,,,,,,,,,,,,,,,,,,,,,,,,,263.68158,,0.64756,,,,0.71428573,1.2755102,1.5306122,1.5306122,19992.857,35701.53,42841.836,1.0,0.0,26.173391,0.1679439,,,283.9998,,27990.0,8.0,159.0,179.136,0.31889015,,,0.0,0.0,0.0,1.0,0.0,39.8,19.1,0.0,41.1,160240.0,686878.0,,1632.48457397859,,8.54720979514952,,1121317739.2052698,9.731498996506444,,0.0295375079854947,,11.9844279703397,.,.,1.0,0.0,0.833333313,0,.,.,.,.,1.0,.,.,.,.,.,.,.,.,.,.,.,.,.,.,0.0,.,.,.,.,2.0,0.0,.,0.0,.,.,9.685,.,.,.,0.965,.,.,.,.,.,.,0.0,93.799225,.,0.096551724,.,.,.,.,.
SLE,0.0,0.0,0.0,0.0,0.6,3.982632,2.3651395,0.2849077,1.0,127.327,131.097,226.005,,1.0,1.0,0.0,1.0,0.0,0.0,0.0,0.0,0.0,483.0,483.0,6.180016999999999,1.0,0.466186,,,,140.0,170.0,37.24,1.0,251.26547,0.35,0.731223,0.7327402,0.71083665,0.7131122,1.1814605,2.7567413,4.3320217,4.3320217,84616.2,197437.81,310259.4,1.0,0.0,25.884388,0.2140433,0.16666679,1.0,228.35106,0.25473,71620.0,8.5,-11.5,4898.808,0.08855596,8.0864105,8.071814,1.0,0.0,0.0,0.0,0.0,4.8,2.2,39.4,53.6,2744890.0,7976985.0,476.557200501064,468.493426055996,,9.59337555693949,1308097094.08337,3737165032.2472897,12.384686226311295,-0.0003412555437057,0.0215656387025351,6.166587758913939,14.825251559263084,5080,0.8129566,1.0,0.0,0.333333343,0,31.9589,41.31525,27.45249,0.02026958,0.0,5,0,1.863149524,0.007,.,0.0244,0,.,.,0.2333,0,0.742798,0,.,0.0,31.5,0.49,1,0.06,2.0,0.0,0.625,0.0,0,0.23,22.14643639,0.401800007,2241,0.0307898,0.374,5.22,201,0.38,1,.,0,0.0,490.4646446,-0.014165051,0.227586207,0.4978,0,0,0,0.8135281
SLV,10.714286,0.0,0.0,0.0,0.071428575,37.9,6.0,1.9,1.0,44.2959,44.675,1567.77,13.247184,0.0,0.0,0.0,1.0,0.0,0.0,0.0,0.0,0.0,78.1,78.1,4.35799,,1.0,,,3.0,113.0,32.0,69.13,0.0,273.65048,0.88,0.62063915,0.67314523,0.6300647,0.66926605,0.58738303,1.1747661,1.5663548,1.5663548,12170.576,24341.152,32454.871,0.0,1.0,24.443773,0.54410475,0.2323567,0.980464,137.32083,0.04631,20720.0,13.833333,-88.916664,6400.4077,0.328021,8.006368,8.536996,0.0,0.0,0.0,0.0,1.0,2.4,96.2,0.0,1.4,3673066.0,6486201.0,2554.18438196288,3279.49651626714,13.2471842672033,17.9062061665541,9381687811.11888,21271473583.3084,16.761109624705412,0.0050116557663699,0.0114379237285195,7.845488227394215,15.116537293603065,3350,0.05142857,0.0,0.0,0.666666687,0,8.0623,145.0772,0,0.02234435,0.0,3,0,1.848454833,0.012,7.263329617,0.022399999,0.01,0.12,0.17,0.134600001,0.01,0.9608,0,87.74,1.0,50.8,1,0.00194,0,0.0,0.0,0.567,0.0,0.92299998,0.8,9.402941695,0.451,2570,0.0256809,0.713,3.28,132,0.56,0,15.1149908,0,1.0,88.41531252,-0.010536052,0.04137931,0.012,0.36,1,0.4,0.0472396
SOM,,0.0,0.0,0.0,0.6,,,,1.0,117.899,118.176,2512.82,11.73501,-7.0,-7.0,0.0,1.0,0.0,0.0,0.0,0.0,0.0,,,,1.0,,7.0,0.0,1.0,,,,1.0,293.564,0.02,0.76622474,0.7659344,0.7711053,0.7707585,0.30744636,0.6148927,1.2297854,1.2297854,192873.4,385746.8,771493.6,1.0,0.0,26.834179,0.3847731,0.3770228,0.0,23.88896,0.66959,627340.0,10.0,48.0,10413.844,0.11762575,8.160519,8.173322,1.0,0.0,0.0,0.0,0.0,0.0,0.0,99.8,0.2,3444569.0,15893219.0,,,11.7350098525194,,,,19.858198046144064,,0.0310543042154425,,15.05230934574972,6700,0.07911601,1.0,0.0,0.166666672,0,213.7445,8.200823,5.587812,0.03167766,0.0,1,0,1.902256727,.,7.005789019,0.0071,0.01,0.1,0.08,0.145400001,0,0.998002,0,60.31,0.0,36.1,0.44,1,0,2.0,0.0,0.344,0.0,0,0.09,23.3,0.416,2935,0.0293015,0.938,7,176,0.28,0,14.99025175,0,0.0,542.89,-0.052806746,0.096551724,0.4658,1,1,0,0.5610647
STP,,,,,0.03125,,,,,,,,,,,0.0,1.0,0.0,0.0,0.0,0.0,0.0,,,,1.0,,,,,160.0,,,,243.96054,,0.7464977,,,,0.19119325,0.764773,1.529546,1.529546,183.54552,734.18207,1468.3641,0.0,1.0,24.416666,0.2705,,,188.85104,,960.0,1.0,7.0,60.0,0.897875,,,1.0,0.0,0.0,0.0,0.0,2.2,92.4,0.0,5.4,74570.0,219161.0,,1315.66493040437,,,,288342441.81235296,,,0.0217954926918135,,11.21949356053784,,,,,,,,,,,,,,,,,,,,,,,,,,,,,,,,,,,,,,,,,,,,,,,,,,,,,,,,
SUR,,,,,0.8888889,,,,1.0,196.855,196.817,656.596,21.343313,,,0.0,1.0,0.0,0.0,0.0,0.0,0.0,,32.18,3.471345,,,,,1.0,164.0,,,0.1893433,262.3379,0.34,0.5997368,,0.575277,,,,0.22891153,0.22891153,,,35710.2,0.0,1.0,26.220655,0.17906782,0.1397607,1.0,191.9171,0.40029,156000.0,4.0,-56.0,577.2,0.05290149,8.188689,,0.0,0.0,0.0,0.0,1.0,36.6,36.0,13.0,14.4,367926.0,586634.0,5522.395969479489,7068.262414600259,,,2031833059.46671,4146483053.32661,40.46136706117074,0.004948259646504,0.0093740494429337,8.616567097539566,12.815637109973853,.,0.75,0.0,0.0,0.833333313,0,562.069,.,.,0.01208526,0.0,3,0,1.723659039,.,7.592366129,0.052999999,.,0.343,0.219,.,.,0.21281,0.264,213.19,1.0,61.39999208,.,.,0.03,2.0,0.0,1.0875,0.0,0.015,1,8.513709872,0.475600004,290,0.041379299,0.94,4.06,126,0.57,0,13.26224705,.,0.0,72.48325578,0.00210534,0.179310345,.,0,0,0.17,.
SVK,0.0,0.0,0.0,0.0,0.037037037,57.2,38.2,4.1,0.0,77.4823,577.929,77.4823,,,,1.0,0.0,,0.0,0.0,0.0,0.0,,,,,,,,,46.0,,,0.0,82.97902,0.58,0.7370858,0.73731935,0.72589207,0.7261204,7.9776626,9.972078,23.932987,23.932987,383725.56,479656.97,1151176.6,0.0,0.0,8.206806,0.3775574,0.2493203,0.0,59.16568,0.21223,48100.0,48.666668,19.5,,0.14559259,8.779557,8.796543,0.0,1.0,0.0,0.0,0.0,8.4,74.0,0.0,17.6,4538223.0,5458827.0,,19988.0460827906,,18.8750936127872,,109111285633.981,25.969379397532613,,0.0037007992243431,,15.328046083705134,,,,,,,,,,,,,,,,,,,,,,,,,,,,,,,,,,,,,,,,,,,,,,,,,,,,,,,,
SVN,0.0,0.0,0.0,0.0,0.037037037,42.9,40.45,3.95,0.0,37.6239,112.123,41.1671,,,,0.0,0.0,,,,,,,,,,,,,,35.0,,,0.0,95.57228,0.52,0.73659575,0.73671615,0.7233695,0.7235265,5.8895125,6.871098,8.83427,8.83427,118614.78,138383.92,177922.19,0.0,0.0,9.095056,0.51050806,0.2692329,0.0,109.09235,0.21786,20140.0,46.116665,15.166667,1730.026,0.255422,8.853665,8.854165,0.0,1.0,0.0,0.0,0.0,0.0,71.4,1.5,27.1,1724891.0,2100126.0,,25759.220843519302,,20.5928791406425,,54097609433.2169,24.59627084261766,,0.0039444285189798,,14.36067441804533,,,,,,,,,,,,,,,,,,,,,,,,,,,,,,,,,,,,,,,,,,,,,,,,,,,,,,,,
SWE,48.794365,1.0,1.0,1.0,0.95454544,61.683006,29.60258,7.445623,0.0,160.269,210.719,650.845,27.25863,10.0,10.0,0.0,0.0,0.0,0.0,3.0,0.0,0.0,,,,0.0,,,,,13.0,,,0.0,42.977497,0.08,0.7299532,0.72981954,0.7253487,0.7253687,0.48741257,0.97482514,1.9496503,1.9496503,200000.0,400000.0,800000.0,0.0,0.0,2.0572424,0.29876053,0.2417014,0.0,52.323555,0.85102,410330.0,62.0,15.0,27040.748,0.08268064,8.612503,8.605112,0.0,1.0,0.0,0.0,0.0,68.4,1.4,0.1,30.1,8042801.0,10353442.0,26656.7793308144,56068.2564629485,33.5434830002149,24.518307690536695,214395171458.654,580499441330.2621,26.33635863416159,0.0149816426138704,0.0050636093404055,10.190798781139367,15.90028796356843,1200,0.06503676,0.0,0.0,1,0,55.0294,43.88341,7.955152,0.00382769,0.0,4,0,0.726098299,0.041000001,8.93485034,0.041200001,0.05,0.2,0.18,0.096799998,0.09,0.976266,0,91.25,0.0,73.2,0.3,0,0,0.0,0.0,0.4725,0.0,0,0.96,6.698610447,0.219899997,7480,0.119652398,0.251,1.06,142,0,0,17.85483841,0,0.0,44.87138193,0.003372483,0.572413793,0,0,0,0.78,0
SWZ,,0.0,0.0,0.0,0.032258064,28.470304,7.3780727,0.9372082,0.0,110.12,110.12,275.728,,0.0,0.0,1.0,1.0,,,,,,,,,,,3.0,0.0,1.0,123.0,,,0.1037715,203.8641,0.43,0.7439904,0.7438199,0.7405107,0.72726583,0.07923805,0.23771414,0.47542828,0.47542828,1362.8944,4088.6833,8177.3667,1.0,0.0,19.729048,0.6785098,0.3584052,0.0386905,67.87273,0.12156,17200.0,26.5,31.5,1780.2001,0.15559706,7.3132205,7.383741,1.0,0.0,0.0,0.0,0.0,33.9,10.8,0.1,55.2,431251.0,1160164.0,1225.81925713519,4690.15765574473,23.112234706616697,,528635780.45880896,5441352066.51943,21.49195535295407,0.0272004950635895,0.0199896980810987,7.111364680779098,12.974445566165596,.,0,1.0,0.0,0.833333313,0,52.1472,.,.,0.02921291,0.0,5,0,1.871802211,0,7.129297549,0.0184,.,0.269,0.347,0.3286,0,0.982162,0,84.38,0.0,40.4,.,.,0.01,2.0,0.0,1.293,0.0,0,0.58,8.687344007,0.432399988,326,0.0276074,.,5.33,140,0.05,0,12.91619493,0,0.0,75.4699459,-0.0162,0.213793103,.,0,0,0.35,.
SYC,,,,,0.03125,,,,,,,,,,,,,,,,,,,,,,,,,,,,,,278.9301,,0.7206827,,,,,,,,,,,0.0,1.0,26.208334,0.179,,,188.075,,460.0,4.5833335,55.666668,9.982,0.716,,,1.0,0.0,0.0,0.0,0.0,1.1,89.3,0.3,9.3,53600.0,98462.0,3511.84863290674,12598.787196378702,,30.0673269727106,188235086.723801,1240501784.92984,30.994459421534465,0.0258783368035404,0.0122366955260659,8.16389785385657,10.889304347058893,.,0,1.0,0.0,0.833333313,0,.,.,.,.,0.0,1,0.03,.,.,7.137278437,.,.,0.172,0.214,.,.,0.714754,0.02,144.26,0.0,.,.,.,0,2.0,0.0,0.776,0.0,0.018,.,.,.,.,.,0.995,4.92,.,0.57,.,.,.,0.0,.,.,0.131034483,.,.,.,0.07,.
SYR,40.87139,0.0,0.0,0.0,0.0,25.9,4.3,1.3,0.0,301.359,300.673,924.641,14.793765,-9.0,-9.0,0.0,0.0,123000.0,0.0,0.0,0.0,0.0,,,,,,,,,144.0,,,0.188119,170.13806,0.17,0.75108564,0.7506532,0.75489146,0.7542501,11.597341,7.73156,7.73156,7.73156,2131359.2,1420906.1,1420906.1,0.0,1.0,17.812859,0.5573679,0.2471731,0.0,31.915945,0.66503,183780.0,35.0,38.0,45412.035,0.18366237,9.2591305,9.246962,0.0,0.0,1.0,0.0,0.0,0.2,1.3,89.6,8.9,6350544.0,17500657.0,,,14.7937651932925,,,,20.93403135218843,,0.0204808715428994,,15.66405103649081,3290,0.09479197,0.0,0.0,0,0,40.2938,62.65871,23.97632,0.0334147,0.0,1,0,2.041869402,0.075000003,7.362010551,0.030400001,0.09,0.15,0.1,0.01,0.04,0.704255,0,43.68,0.0,50,0.14,0.0644,0.08,2.0,0.0,0.4095,0.081,0.79799998,0.65,10.45873036,0.444099993,4561,0.037930299,0.906,5.83,78,0.85,0,15.78730773,1,0.0,109.3850408,0.029546425,0.317241379,0,0.08,1,0.33,0
TAW,0.0,0.0,,0.0,0.0,43.503025,18.32576,4.7169676,0.4370258,27.1171,27.0496,652.826,,-8.0,-8.0,,,,,,,,,,,,,,,,,,,,,,,,,,,,,,,,,,,,,,,,,,,,,,,,,,,,,,,,,,,,,,,,,,,,,,,,,,,,,,,,,,,,,,,,,,,,,,,,,,,,,,,,,,,,,,,,,,,,,,,,,,,,,
TCD,0.0,0.0,0.0,0.0,0.032258064,,,,1.0,1275.02,1319.58,1494.51,16.092623,-9.0,-9.0,1.0,1.0,0.0,0.0,0.0,0.0,0.0,,280.0,5.634789,,,0.0,0.0,1.0,184.0,,,0.9876782,276.11298,0.15,0.75461566,0.75420386,0.7519438,0.75124294,0.20958605,0.41917208,0.62875813,0.62875813,263910.75,527821.5,791732.25,0.0,1.0,26.62618,0.5208452,0.2814833,0.0651321,29.65556,0.71868,1259200.0,15.0,19.0,35257.598,0.05490922,7.901007,7.9041133,1.0,0.0,0.0,0.0,0.0,11.6,21.0,44.0,23.4,3643608.0,16425859.0,634.77744563406,782.958993436058,16.0926226734141,22.4471364686759,2312880179.13182,12860774028.9626,18.77688673154499,0.0042049333346398,0.0305757732741351,6.453274458144021,15.108484957481076,4550,0.66620034,0.0,0.0,0,0,410.9661,0,2.647713,0.02024628,0.0,5,0,1.793591142,0.007,6.628041376,0.0114,.,0.229,0.252,0.2336,0,0.5392,0,218.41,0.0,34.9,0,.,0,2.0,0.0,0.456,0.0,0.30000001,0.17,5.073336015,0.396299988,3064,0.036879901,0.952,6.56,142,0.67,0,14.65551791,0,0.0,25.73873832,0.006453857,0.124137931,1,0.84,1,0,0.2969299
TGO,0.0,0.0,0.0,0.0,0.032258064,9.1,0.9,0.1,1.0,261.366,261.865,674.553,15.0997305,-7.0,-7.0,0.0,1.0,0.0,0.0,0.0,0.0,0.0,668.0,668.0,6.504288,,0.16769,0.0,0.0,1.0,156.0,83.9,48.84,1.0,260.17865,0.63,0.74302006,0.7425411,0.7299286,0.7293581,1.1814605,2.7567413,4.3320217,4.3320217,64259.637,149939.16,235618.66,0.0,1.0,27.450003,0.23146287,0.1206627,0.685254,94.52829,0.08862,54390.0,8.0,1.166667,25100.986,0.06412072,8.039157,8.056078,1.0,0.0,0.0,0.0,0.0,6.1,29.3,17.0,47.6,2115522.0,8278737.0,621.806262284805,692.506541044045,15.0997301324821,23.6126095048137,1315444827.60128,5733079524.08335,19.93231765941117,0.0021561033506096,0.0276634977211833,6.432628568794275,14.564812148520945,5120,0.72848684,0.0,0.0,0.333333343,0,35.9247,74.31586,20.96762,0.02799285,0.0,1,0,1.871802211,0.008,5.905361848,0.019300001,0.07,0.29,0.26,0.229699999,0,0.907938,0,86.5,0.0,39.5,0.16,1,0.09,2.0,0.0,0.7905,0.0,0,0.44,4.595247951,0.425300002,1514,0.035667099,0.944,6.67,141,0.16,1,13.22787228,0,0.0,21.11630373,0.069314711,0.131034483,0.5758,0,0,0,0.9485388
THA,26.562504,0.0,0.0,0.0,0.0,60.4,4.4,1.1,1.0,214.576,216.62,360.052,25.576664,2.0,2.0,0.0,0.0,4260.0,0.0,0.0,0.0,0.0,,140.0,4.941642,0.0,,,,,18.0,,,0.4175675,251.1702,0.34,0.7008131,0.70052594,0.69486773,0.69646066,0.97868425,1.9573685,3.914737,3.914737,500000.0,1000000.0,2000000.0,1.0,0.0,26.140882,0.29034156,0.2163181,0.9675045,152.34056,0.2089,510890.0,15.0,100.0,158631.34,0.16129906,8.612503,8.697846,0.0,0.0,1.0,0.0,0.0,0.2,0.4,3.9,95.5,36884525.0,69799978.0,929.093711235066,6094.43287260034,25.5976934382554,23.85516774129,34269180219.3926,425391280429.981,26.737475787725,0.0383349573727873,0.0128385476545018,6.834209606961208,17.42330264435399,4620,0.3569488,0.0,0.949999988,0.333333343,0,19.3578,86.4634,50.05057,0.02566693,1.0,3,0,1.709102273,0.025,6.849066283,0.018100001,0.03,0.12,0.12,0.078899999,0.02,0.82902,0.001,52.81,0.0,52.7,0.28,0.57876,0.02,0.0,0.0,0.386,0.0,0.023,0.83,5.191055142,0.456099987,26392,0.027470401,0.92,3.94,75,0.44,0,17.0298825,0,0.0,26.94705349,-0.011506937,0.075862069,0.6276,0.04,1,1,0.5939589
TJK,0.0,0.0,0.0,0.0,0.037037037,28.683954,35.79422,6.605248,0.0,1548.18,1548.71,1970.86,,,,1.0,0.0,0.0,0.0,0.0,0.0,0.0,,,,,,,,,141.0,,,0.0,195.43741,0.18,0.728902,0.72914094,0.72629035,0.7267498,0.3819914,0.63665235,0.89131325,0.89131325,53463.516,89105.86,124748.2,0.0,0.0,4.6015754,2.6740725,1.4474161,0.0,47.809425,0.70698,139960.0,39.0,71.0,9293.344,0.5454579,8.853665,8.8454895,0.0,0.0,1.0,0.0,0.0,0.0,0.0,85.0,15.0,2930108.0,9537642.0,,1147.07849788532,,24.7614070598918,,10940424058.7279,24.10071749312285,,0.0238849226254402,,14.890549840382194,,,,,,,,,,,,,,,,,,,,,,,,,,,,,,,,,,,,,,,,,,,,,,,,,,,,,,,,
TKM,0.0,0.0,0.0,0.0,0.037037037,,,,0.0,1348.13,1348.13,2272.96,,,,1.0,0.0,0.0,0.0,0.0,0.0,0.0,,,,,,,,,,,,0.0,145.1304,0.06,0.73577577,0.73579264,0.73515,0.735448,0.3819914,0.63665235,0.89131325,0.89131325,179509.22,299182.03,418854.84,0.0,0.0,15.21257,0.2501217,0.2437229,0.0,13.998334,0.5464,469930.0,40.0,60.0,18515.242,0.08053107,8.987197,8.969224,0.0,0.0,1.0,0.0,0.0,0.0,0.0,87.0,13.0,2195165.0,6031187.0,,,,,,,36.25293138673448,,0.0204194135320998,,14.601767772509048,,,,,,,,,,,,,,,,,,,,,,,,,,,,,,,,,,,,,,,,,,,,,,,,,,,,,,,,
TON,0.0,0.0,0.0,0.0,0.0,44.817787,41.339012,2.2256126,,,,,,,,,,,,,,,,,,,,,,,,,,,243.7457,,0.62544435,,,,,4.0,8.0,8.0,,2880.0,5760.0,1.0,0.0,,,,,,,720.0,20.0,-175.0,149.976,,,,0.0,0.0,0.0,1.0,0.0,61.9,17.9,0.0,20.2,84344.0,105697.0,,,,,,,24.07646083229664,,0.0045236577069431,,11.342658953256786,.,.,1.0,0.0,0.833333313,.,.,.,.,.,1.0,.,.,1.867948651,.,.,.,.,.,.,.,.,0.69705,0,.,0.0,.,.,.,.,2.0,0.0,.,0.0,.,.,9.6048,.,.,.,0.989,.,.,.,.,.,.,0.0,92.25218304,.,.,.,.,.,.,.
TTO,16.666666,1.0,1.0,1.0,0.875,73.2,14.0,1.2,1.0,7.95231,7.79704,75.7493,25.8563,8.0,8.0,0.0,1.0,442000.0,0.0,0.0,0.0,0.0,85.0,85.0,4.442651000000001,1.0,1.0,8.0,0.0,1.0,69.0,14.5,73.8,0.0,259.69073,0.0,0.6060929,0.7325545,,,0.44332135,0.88664275,1.329964,1.329964,2274.2385,4548.4775,6822.7153,1.0,0.0,26.044167,0.11465,0.02054538,1.0,153.07729,,5130.0,11.0,-61.0,750.006,0.3073,7.6009026,8.657596,0.0,0.0,0.0,0.0,1.0,13.2,35.8,6.5,44.5,945357.0,1399491.0,5726.73639859361,13707.6165455822,,,5413810341.56526,19183685986.9933,,0.0176093649319997,0.0078768855944386,8.652901083500357,13.7593179129136,3600,0.23126984,1.0,0.0,0.666666687,0,6.0854,174.6589,0,0.01398711,0.0,3,0.93,1.316944242,0.004,8.635331719,0.020400001,0.07,0.12,0.05,0.023599999,0.01,0.316388,0.252,83.47,1.0,63.9,1,0,0.16,2.0,0.0,0.871,0.0,0.036,0.88,8.567598276,0.430500001,843,0.039145902,0.869,1.56,96,0.05,0,15.37229868,0,0.0,73.40374022,0.009097189,0.082758621,0,0,0,0,0
TUN,4.7619047,0.0,0.0,0.0,0.0,8.3108425,4.60413,0.9519295,0.0,108.772,108.762,1191.08,21.148756,-8.0,-8.0,0.0,0.0,198000.0,0.0,0.0,0.0,0.0,63.0,,4.143135,,0.479655,0.0,0.0,1.0,50.0,30.3,69.5,0.0,171.08812,0.18,0.7424626,0.7424626,0.73862994,0.73862994,5.1493306,6.436663,5.1493306,5.1493306,800000.0,1000000.0,800000.0,0.0,1.0,19.403837,0.22150274,0.21638541,0.0,25.27069,0.73555,155360.0,34.0,9.0,28632.848,0.09052225,8.411833,8.411833,1.0,0.0,0.0,0.0,0.0,0.0,0.1,99.4,0.5,5063805.0,11818618.0,1253.3838297480802,3983.94278478118,21.148755955532,,6346891303.99746,47084697907.185,25.27006462268848,0.0233980381709364,0.0170956442827736,7.13360223659684,15.437628734955728,1740,0.0702522,0.0,0.0,0.333333343,0,36.8064,51.07906,10.18829,0.02237227,0.0,4,0,1.868874788,0.018999999,7.003974137,0.036899999,0.06,0.18,0.17,0.115100002,0.01,0.773602,0,110.44,0.0,48.6,0.47,0,0.08,2.0,0.0,0.5205,0.0,0.986,0.66,5.493856035,0.433699995,4221,0.041696299,0.808,5.61,104,0,0,15.35180148,0,0.0,30.18245414,0.043078288,0.379310345,0,0,0,0.13,0
TUR,1.7857144,1.0,1.0,1.0,0.0,30.728817,6.085606,1.3257521,0.0,160.468,160.191,675.964,14.690585,8.0,8.0,0.0,0.0,7970.0,0.0,0.0,0.0,0.0,,,,,,,,,71.0,,,0.0,139.25563,0.63,0.7473363,0.7464044,0.74845535,0.7470422,7.7959538,9.420111,8.120786,8.120786,6000000.0,7250000.0,6250000.5,0.0,1.0,11.697257,0.9744513,0.6020645,0.0,53.13407,0.19859,769630.0,39.0,34.911545,238277.44,0.32902655,9.2103405,9.173469,0.0,0.0,1.0,0.0,0.0,0.0,0.1,99.2,0.7,34876296.0,84339067.0,4221.0216682846,15225.6146040092,14.7073791348601,31.766492857794,147213601125.507,1284114130203.71,21.024581792460165,0.025990040526729,0.0178176289885014,8.347832479217463,17.367317958705662,2520,0.16356839,0.0,0.0,0.5,0,27.9774,56.84623,30.27788,0.02430635,0.0,3,0,1.670721173,0.050000001,7.391415235,0.026799999,0.09,0.14,0.11,0.0322,0.03,0.631418,0,44.48,0.0,50.5,0.39,0,0.02,1.0,0.0,0.156,0.176,0.014,0.75,23.5267086,0.412,27509,0.035333902,0.911,3.33,99,0.31,0,17.61368374,0,0.0,553.5060173,-0.038899999,0.193103448,0,0.08,1,0.13,0
TWN,,,,,,,,,,,,,,,,0.0,0.0,0.0,0.0,0.0,0.0,0.0,,,,0.0,,,,,16.0,,,,,,,,,,,,,,,,,,,,,,,,,,,,,,,,,,,,,,,,,,,,,,,,,,,,,,,,,,,,,,,,,,,,,,,,,,,,,,,,,,,,,,,,,,,,,,,,,,,,,,,,,,,,,
TZA,5.3789935,0.0,0.0,0.0,0.032258064,33.211838,0.7502539,0.20370243,1.0,477.395,477.478,1892.58,,-6.0,-6.0,0.0,1.0,0.0,0.0,0.0,0.0,0.0,145.0,,5.634789,1.0,0.088189,0.0,0.0,1.0,134.0,81.5,47.92,1.0,279.3561,0.49,0.76099676,0.76099676,0.7630588,0.7630588,0.11317466,0.9053973,1.9805566,1.9805566,100250.12,802000.94,1754377.0,1.0,0.0,22.456844,0.97550833,0.4366066,0.841002,86.05462,0.30011,885800.0,6.0,35.0,40126.742,0.16274501,7.824046,7.824046,1.0,0.0,0.0,0.0,0.0,11.2,28.2,32.5,28.1,13535487.0,59734213.0,,976.156625437215,,41.0182253542331,,56593929840.2031,28.251914290561007,,0.030136997524653,,16.420825461173788,7340,0.89024691,1.0,0.0,0.166666672,0,88.1299,25.41653,12.16442,0.03354528,0.0,0,0,1.865009904,0.018999999,5.765191103,0.0265,0.08,0.13,0.27,0.219500001,0,0.824286,0.001,107.24,0.0,40.6,0.09,0.98,0,2.0,0.0,0.5535,0.0,0,0.25,13.49583138,0.458900005,10026,0.0286256,0.872,6,216,0.05,0,14.9781281,0,0.0,182.1374646,0,0.262068966,0.8399,0.08,1,0,0.072123
UAE,,,,,0.0,4.1784787,13.0634,5.1573205,0.5117302,102.625,101.119,2384.37,,,,,,,,,,,,,,,,,,,,,,,,,,,,,,,,,,,,,,,,,,,,,,,,,,,,,,,,,,,,,,,,,,,,,,,,,,,,,,,,,,,,,,,,,,,,,,,,,,,,,,,,,,,,,,,,,,,,,,,,,,,,,,,,
UGA,5.357143,0.0,0.0,0.0,0.032258064,26.5,1.5,0.1,1.0,969.328,969.334,2252.81,14.004668,-7.0,-7.0,1.0,1.0,0.0,0.0,0.0,0.0,0.0,280.0,,5.634789,,0.0,7.0,0.0,1.0,120.0,107.0,39.64,1.0,290.65195,0.37,0.7652915,0.7652915,0.76926196,0.76926196,0.50735664,4.058853,7.61035,7.61035,99999.99,799999.94,1500000.0,1.0,0.0,22.423065,1.1771532,0.20191051,0.973444,98.10684,0.35639,197100.0,1.0,33.0,50595.57,0.1922007,8.160519,8.160519,1.0,0.0,0.0,0.0,0.0,1.9,49.6,6.6,41.9,9405606.0,45741000.0,,958.192698225771,14.0046682227409,25.202379523358,,43828692209.545,15.772655114717292,,0.0321394492070126,,16.0568164524533,6220,0.8357907,1.0,0.0,0,0,30.4252,0,40.30553,0.03483751,0.0,3,0,1.932245731,0.003,6.393590754,0.018999999,0.01,0.12,0.19,0.170000001,0,0.834488,0,170.59,0.0,43.2,0,0.86,0,2.0,0.0,0.202,0.0,0,0.49,35.26621877,0.466899991,6562,0.0263639,0.996,5.78,155,0.43,1,15.18264147,0,0.0,1243.706186,-0.004167274,0.172413793,1,0.28,1,0.16,0.1427699
UKR,0.0,0.0,0.0,0.0,0.037037037,45.403706,36.85012,5.6318145,0.0,74.5367,343.38,100.476,,,,0.0,0.0,,0.0,0.0,0.0,0.0,,,,,,,,,137.0,,,0.0,81.93313,0.65,0.73841774,0.73744464,0.73618376,0.7366992,0.4192872,0.8385744,2.5157232,2.5157232,242914.05,485828.1,1457484.2,0.0,0.0,8.212998,0.18302155,0.13573171,0.0,46.706264,0.20861,579350.0,49.0,32.0,325652.62,0.0538808,8.779557,8.73456,0.0,1.0,0.0,0.0,0.0,0.0,0.0,0.0,100.0,47088862.0,44134693.0,,3115.86076570536,,7.51116687195495,,130072807270.765,23.204470532729893,,-0.0012949675041448,,17.66754705543802,,,,,,,,,,,,,,,,,,,,,,,,,,,,,,,,,,,,,,,,,,,,,,,,,,,,,,,,
URY,50.0,1.0,1.0,1.0,0.875,68.463394,14.814496,5.4063535,0.0,120.051,176.019,262.823,3.3959959,8.0,8.0,0.0,0.0,0.0,0.0,0.0,0.0,0.0,71.0,,4.2626800000000005,,0.312329,1.0,1.0,1.0,89.0,17.5,73.93,0.0,166.87491,0.96,0.57213736,0.7244862,0.563519,0.70822906,,,0.10303224,0.10303224,,,18032.703,0.0,1.0,17.749123,0.09689074,0.06068036,0.0,102.09293,0.04298,175020.0,33.0,-56.0,13721.568,0.03554249,8.188689,8.874932,0.0,0.0,0.0,0.0,1.0,1.9,59.5,0.0,38.6,2809799.0,3473727.0,5670.61878768546,13430.7189086341,3.39622641509434,16.997974793989197,15933298999.0198,46654650902.3328,17.283336729781162,0.0173944780442365,0.004251313912654,8.643053524397748,14.848623508502408,8560,0.06666667,0.0,0.0,0.5,0,68.8771,35.73729,6.170832,0.00672159,0.0,3,0,1.065400124,0.014,8.286017468,0.0241,0.02,0.15,0.09,0.0549,0.08,0.513184,0,125.23,1.0,67.3,0.49,0,0,0.0,0.0,0.2765,0.0,1,1,44.13368305,0.278499991,2538,0.081166297,0.796,4.22,92,0,0,16.12514912,0,1.0,1947.781979,-0.034032583,0.668965517,0,0,0,0.11,0
USA,73.370575,1.0,1.0,1.0,0.95454544,17.785593,59.314404,21.3,0.0015154254,446.154,761.913,1280.49,18.013271,10.0,10.0,0.0,1.0,95700.0,11.0,6.0,11.0,13.0,15.0,,2.70805,,0.111732,7.0,10.0,7.0,4.0,7.1,76.7,0.0,131.59421,0.32,0.6316557,0.7203445,0.65274227,0.71181,0.02183654,0.04367308,0.08734616,0.08734616,200064.62,400129.25,800258.5,1.0,0.0,6.528523,0.6223872,0.66647637,0.0012686,61.318523,0.58847,9161920.0,38.0,-98.5795,1760921.0,0.15385102,8.160519,8.6886425,0.0,0.0,0.0,0.0,1.0,43.6,30.0,0.8,25.6,205052000.0,329484123.0,23207.2199371855,53748.9714326683,21.4147356338331,,4758686862559.77,17709432714644.8,22.00879639417974,0.0169390884651596,0.0095304191889009,10.052218713429452,19.138774163473386,140,0.20903141,1.0,0.0,1,0,50.695,71.91255,14.83697,0.01101123,0.0,5,0.89,0.858237803,0.088,9.199784858,0.0383,0.03,0.21,0.16,0.0317,0.32,0.53531,0,84.59,0.0,69.8,0.26,0,0.02,0.0,0.0,0.1155,0.007,0.089,1,4.949021976,0.310400009,180671,0.092311397,0.298,1,90,0,0,21.30421783,0,0.0,24.49281852,-0.019166112,0.075862069,0,0.32,1,1,0.0009406
UZB,0.0,0.0,0.0,0.0,0.037037037,,,,0.0,1719.54,1719.46,2384.25,,,,0.0,0.0,0.0,0.0,0.0,0.0,0.0,,,,,,,,,154.0,,,0.0,135.22223,0.13,0.7283424,0.72844017,0.72576773,0.72646624,0.3819914,0.63665235,0.89131325,0.89131325,162499.14,270831.9,379164.66,0.0,0.0,12.290272,0.48232582,0.56308424,0.0,20.286718,0.60546,425400.0,41.0,63.84911,44752.082,0.16333559,8.779557,8.763662,0.0,0.0,1.0,0.0,0.0,0.0,0.0,88.0,12.0,12080311.0,34232050.0,,2457.40067512568,,37.46312478867471,,84121862780.9361,26.50925358893343,,0.0210502026484273,,16.30708749517266,,,,,,,,,,,,,,,,,,,,,,,,,,,,,,,,,,,,,,,,,,,,,,,,,,,,,,,,
VCT,54.54545,,,,0.8888889,,,,,,,,,,,,,,,,,,,,,,,,,,,,,,272.45294,,0.6076565,,,,0.44332135,0.88664275,1.329964,1.329964,172.89532,345.79068,518.686,1.0,0.0,25.790277,0.22283335,,,166.31805,,390.0,13.25,-61.2,70.005005,0.6091666,,,0.0,0.0,0.0,0.0,1.0,40.7,19.4,0.0,39.9,90501.0,110947.0,1828.40529239345,6654.14461365989,,,165472507.3669,738257382.451724,,0.0261725551076534,0.0040821435310465,7.511199441002432,11.413116179350729,.,0,1.0,0.0,0.833333313,.,.,.,.,.,0.0,5,1,1.759580612,.,.,.,.,.,.,.,.,0.884342,0,.,1.0,59.80000844,.,.,.,2.0,0.0,.,0.0,0,.,.,.,.,.,0.984,1.83,.,.,.,.,.,0.0,.,.,0,.,.,.,.,.
VEN,38.145073,1.0,1.0,1.0,0.875,39.2,11.1,2.6,1.0,127.57,322.41,172.771,32.887028,9.0,9.0,0.0,1.0,3040000.0,0.0,2.0,0.0,0.0,78.1,,4.35799,,0.244409,1.0,1.0,3.0,180.0,20.9,72.41,0.0022341,263.76373,0.35,0.6085683,0.6924786,0.593231,0.67655474,0.22674452,0.34011677,0.45348904,0.45348904,200000.0,300000.0,400000.0,0.0,1.0,25.418005,0.41731933,0.3995075,0.8022332,160.79886,0.42281,882050.0,8.0,-66.0,25932.27,0.20177035,8.242756,8.618388,0.0,0.0,0.0,0.0,1.0,1.0,94.8,0.0,4.2,11396396.0,28435943.0,14570.0970339218,,36.5499279192696,,166046595556.999,,26.467288473902386,,0.0184553691724909,9.586726559010712,16.24880772303095,3530,0.0525,0.0,0.0,0.833333313,0,117.5753,29.15127,4.215568,0.03261863,0.0,3,0,1.692491531,0.018999999,8.75431854,0.017999999,0.04,0.08,0.08,0.043000001,0.04,0.867942,0,98.62,1.0,59.8,0.56,0.09504,0.11,0.0,1.0,0.423,0.0,0.96899998,1,9.988426922,0.461,7502,0.024393501,0.985,1.22,109,0.32,1,17.67724347,0,1.0,99.76867237,0.111923158,0.35862069,0.455,0,0,0.31,0.4942922
VNM,0.0,0.0,,0.0,0.0,44.779137,15.047659,0.8246072,1.0,79.9946,109.805,217.74,,,,0.0,1.0,7140.0,0.0,0.0,0.0,0.0,140.0,,4.941642,1.0,0.570282,0.0,0.0,1.0,99.0,38.2,67.39,0.7154578,236.22765,0.39,0.6887641,0.6890141,0.70281607,0.7029018,1.2289164,2.4578328,6.144582,6.144582,382266.75,764533.5,1911333.6,0.0,0.0,24.379883,0.38298598,0.3816202,0.5145063,150.34839,0.2444,311060.0,16.0,107.833336,59256.926,0.1882012,8.699514,8.711937,0.0,0.0,1.0,0.0,0.0,0.2,3.9,1.0,94.9,43404802.0,97338583.0,,2123.45605979749,,26.6617883427126,,206694203923.45105,27.119854637255028,,0.016283664304997,,17.5860806381112,,,,,,,,,,,,,,,,,,,,,,,,,,,,,,,,,,,,,,,,,,,,,,,,,,,,,,,,
VUT,,,,,0.6666667,,,,,,,,,,,,,,,,,,,,,,,,,,,,,,249.11142,,0.6387452,,,,0.71428573,1.2755102,1.5306122,1.5306122,8707.143,15548.47,18658.164,1.0,0.0,24.093876,0.26408938,,,238.83543,,12190.0,16.0,167.0,199.916,0.6504644,,,0.0,0.0,0.0,1.0,0.0,54.6,16.9,0.0,28.5,85374.0,307150.0,,2539.5730087890697,,34.0853012948495,,780029849.649562,25.641028344500597,,0.0259365394588648,,11.354796883773746,.,.,0.0,0.0,0.666666687,0,.,.,.,.,1.0,.,.,.,.,.,.,.,.,.,.,.,0.519882,0,.,0.0,.,.,.,.,2.0,0.0,.,0.0,.,.,7.84,.,.,.,.,.,.,.,.,.,.,0.0,61.4656,.,0,.,.,.,.,.
WSM,,0.0,0.0,0.0,0.0,,,,,,,,,,,,,,,,,,,,,,,,,,,,,,266.00833,,0.62420124,,,,,4.0,8.0,8.0,,11320.0,22640.0,1.0,0.0,,,,,,,2830.0,13.583333,-172.17831,590.055,,,,0.0,0.0,0.0,1.0,0.0,76.3,21.3,0.0,2.4,143146.0,198410.0,,3738.2668092598296,,,,741709517.625244,,,0.0065507732367391,,11.871620367418426,.,.,0.0,0.0,0.833333313,0,.,.,.,.,1.0,.,.,1.892810702,.,.,.,.,.,.,.,.,.,.,.,0.0,.,.,.,.,2.0,0.0,.,0.0,.,.,10.92,.,.,.,0.926,.,.,.,.,.,.,0.0,119.2464,.,0,.,.,.,.,.
YEM,,0.0,0.0,0.0,0.0,0.0,0.0,0.0,1.0,140.977,141.356,1917.82,,,,0.0,0.0,309000.0,0.0,0.0,0.0,0.0,,,,1.0,,,,,118.0,,,0.9609532,283.6985,0.01,0.7398316,0.740315,0.73957986,0.7401297,1.894047,4.2616057,4.2616057,4.2616057,1000000.0,2250000.0,2250000.0,0.0,1.0,25.896824,0.7446708,0.6017211,0.0,13.635192,0.71154,527970.0,15.0,47.5,15469.521,0.21605247,8.935904,8.9250555,0.0,0.0,1.0,0.0,0.0,0.1,0.0,99.5,0.4,6193379.0,29825968.0,,,,,,,,,0.0319373647077307,,15.638991376174587,5370,0.01669136,0.0,0.0,0.5,0,130.718,.,.,0.02720872,0.0,3,0,1.912796497,.,.,.,0.03,.,.,0.176800001,0,0.97045,0,.,0.0,37.4,0.38,0.72048,0.01,3.0,0.0,0.472,0.0,0.90399998,0.08,12.8,.,4039,0.031938601,1,5.44,131,0.52,0,.,0,0.0,163.84,-0.054200001,0.179310345,0.6074,0,1,1,0
YUG,,,,,,,,,,,,,,,,0.0,0.0,,,,,,,,,0.0,,,,,,,,0.0,110.02555,,0.74023026,0.74012834,0.72771335,0.72791934,5.8895125,6.871098,8.83427,8.83427,601749.2,702040.7,902623.8,0.0,0.0,10.194462,0.50381875,0.356862,0.0,69.99434,0.31104,102173.0,44.0,21.0,34115.562,0.21858251,8.922658,8.920176,0.0,1.0,0.0,0.0,0.0,1.0,4.0,19.0,76.0,,,,,,,,,,,,,,1380,0.27777778,0.0,0.0,0.166666672,0,5.5429,.,.,0.00881722,0.0,1,0,0.895679772,0.067000002,7.560601163,.,0.18,0.22,0.26,0.107100002,0.09,0.761084,0,133.41,0.0,63.3,0.63,0,0.03,1.0,0.0,0.437,0.459,0,1,39.4256377,0.304899991,18402,0.063199699,0.403,5.89,.,0,.,17.3808158,1,0.0,1554.380908,-0.0092,0.517241379,0,.,0,0,0
ZAF,1.7857144,0.0,0.0,0.0,0.032258064,26.7,27.400002,3.7,0.037754312,306.891,317.134,1020.64,27.620983,4.0,4.0,0.0,0.0,0.0,47.0,4.0,0.0,2.0,,,2.74084,1.0,0.19633,3.0,3.0,3.0,39.0,59.2,54.73,0.022699,213.8803,0.24,0.7410831,0.7380791,0.7380622,0.73516965,0.07923805,0.23771414,0.47542828,0.47542828,96232.234,288696.7,577393.4,1.0,0.0,17.95819,0.90969104,0.4457167,0.0058302,41.36189,0.54436,1214470.0,29.0,26.0,147558.1,0.13985354,7.4383836,7.933994,1.0,0.0,0.0,0.0,0.0,39.0,10.4,1.3,49.3,22069783.0,59308690.0,6244.08135790662,6748.234354649279,28.5573122529644,12.4264038441921,137805520603.344,400228939387.244,22.21141659270316,0.0015541436561601,0.0199676682584957,8.739389311324079,16.909719945832972,8930,0.83098177,1.0,0.0,0.333333313,0,70.1908,30.37214,12.78999,0.02354366,0.0,3,0.09,1.742218971,0.017000001,7.69211334,0.026573999,0.11,0.12,0.16,0.116426,0.03,0.482688,0.01,85.17,0.0,49.2,0.2,0,0.11,0.0,0.0,0.51,0.0,0,0.89,9.72576489,0.400900006,17396,0.038629599,0.528,4.78,72,0.04,1,17.45610891,0,0.0,94.59050271,-0.017719675,0.082758621,0,0.44,1,0.09,0.002942
ZAR,,0.0,0.0,0.0,0.032258064,18.096453,1.6507177,0.031117672,1.0,1115.39,1164.33,1248.28,14.922257,-9.0,-9.0,0.0,1.0,4540.0,0.0,0.0,0.0,3.0,240.0,,5.480639,1.0,0.003987,0.0,0.0,1.0,,90.2,50.79,1.0,263.47943,0.13,0.7517396,0.75200284,0.7444247,0.74502313,0.19119325,0.764773,1.529546,1.529546,433444.66,1733778.6,3467557.2,0.0,1.0,23.84818,0.7223584,0.3188622,0.882336,125.76662,0.63037,2267050.0,1.0,25.0,67104.68,0.08373716,8.006368,8.024371,1.0,0.0,0.0,0.0,0.0,29.0,48.4,1.4,21.2,,,,,,,,,,,,,,6420,0.87225288,0.0,0.0,0.166666672,0,148.0764,30.75152,7.652775,0.02778447,0.0,3,0,1.796912909,0.024,6.192362489,0.027000001,0.04,0.12,0.2,0.152999999,0,0.960536,0,429.52,0.0,42.1,0.01,1,0.05,2.0,0.0,0.285,0.0,0,0.6,35.71159989,0.440299988,15310,0.029457901,0.932,6.56,201,0.27,1,15.82862398,0,0.0,1275.318366,-0.020479448,0.206896552,0.9892,0.04,1,0,0.2060904
ZMB,22.524733,0.0,0.0,0.0,0.032258064,54.6,1.9,0.6,1.0,992.196,999.62,1196.5,28.238241,0.0,0.0,1.0,1.0,0.0,0.0,0.0,0.0,0.0,,,,,,4.0,0.0,1.0,94.0,,,1.0,272.77466,0.36,0.75201625,0.7511413,0.75183016,0.7486204,,0.40838996,0.8167799,0.8167799,,303593.0,607186.0,1.0,0.0,21.567135,1.1185325,0.18575391,0.0239613,86.101036,0.22421,743390.0,15.0,30.0,52632.01,0.093603,7.495542,7.713204,1.0,0.0,0.0,0.0,0.0,31.9,26.2,0.3,41.6,4179062.0,18383956.0,1580.8287394899498,1558.32300651401,,,6606381313.71037,28648141585.5413,36.33015498721306,-0.0002867385021938,0.0300711012156733,7.365704507173706,15.245597377405186,7820,0.82939767,1.0,0.0,0.333333343,0,236.673,0,4.861513,0.03339606,0.0,1,0,1.90106225,0.015,6.872128101,0.015900001,0.24,0.22,0.22,0.184099999,0,0.996006,0,48.33,0.0,41.8,0,1,0.2,2.0,0.0,0.89,0.0,0,0.42,17.39972522,0.451799989,3141,0.023559401,0.998,5.11,206,0.05,1,14.9244246,0,0.0,302.7504379,-0.031845365,0.262068966,1,0,0,0.04,0.0248996
ZWE,0.0,0.0,0.0,0.0,0.032258064,51.920998,5.440012,2.3093953,1.0,489.782,550.208,559.467,18.337782,4.0,4.0,0.0,1.0,0.0,0.0,0.0,0.0,0.0,,,,,,7.0,0.0,1.0,172.0,,,0.6186963,251.0257,0.26,0.75086576,0.74935985,0.7500489,0.74847484,,0.40838996,0.8167799,0.8167799,,157985.66,315971.3,1.0,0.0,21.577713,0.8757042,0.2937463,0.0,59.52582,0.30016,386850.0,20.0,29.0,32185.918,0.11740072,7.2442274,7.2997975,1.0,0.0,0.0,0.0,0.0,21.4,14.4,0.9,63.3,5289312.0,14862927.0,1305.14533924723,1058.84582705136,18.3377796794332,,6903320904.624471,15737548231.719,15.059718841586044,-0.0041739633621149,0.0208786072909097,7.174069684626171,15.4811987386656,8190,0.59863636,1.0,0.0,0.333333343,0,101.4822,0,11.54453,0.03095594,0.0,3,0.07,2.044202805,0.015,6.896694332,0.0163,0.06,0.17,0.1,0.0687,0,0.922424,0,73.74,0.0,45.5,0,1,0.06,2.0,0.0,0.632,0.0,0,0.96,7.432394599,0.4551,3812,0.0285939,0.656,4.83,164,0.3,1,15.1426036,1,0.0,55.24048947,-0.043400001,0.034482759,1,0.24,1,0,0.065867
ABW,,,,,,,,,,,,,,,,,,,,,,,,,,,,,,,,,,,279.92554,,0.61146784,,,,0.44332135,0.88664275,1.329964,1.329964,79.797844,159.5957,239.39352,0.0,1.0,28.235416,0.03125,,,38.347916,,180.0,12.5,-69.96667,18.953999,0.06975,,,0.0,0.0,0.0,0.0,1.0,8.0,86.0,0.0,6.0,59070.0,106766.0,,,,,,,27.77416696564828,,0.01190867717651,,10.986478460301282,,,,,,,,,,,,,,,,,,,,,,,,,,,,,,,,,,,,,,,,,,,,,,,,,,,,,,,,
ADO,,,,,,,,,,,,,,,,,,,,,,,,,,,,,,,,,,,120.42488,,0.72914714,,0.71322334,,,,,,,,,0.0,1.0,,,0.2030575,,,0.11175,470.0,42.5,1.5,10.011001,,,,0.0,1.0,0.0,0.0,0.0,0.5,99.1,0.0,0.4,,,,,,,,,,,,,,,,,,,,,,,,,,,,,,,,,,,,,,,,,,,,,,,,,,,,,,,,,,,,,,,,,,,,,
ANT,,,,,,,,,,,,,,,,,,,,,,,,,,,,,,,,,,,262.9745,,0.61061144,,,,0.44332135,0.88664275,1.329964,1.329964,354.65707,709.3142,1063.9712,0.0,1.0,,,,,,,800.0,12.25,-69.0,80.0,,,,0.0,0.0,0.0,0.0,1.0,9.2,87.2,0.1,3.5,,,,,,,,,,,,,,,,,,,,,,,,,,,,,,,,,,,,,,,,,,,,,,,,,,,,,,,,,,,,,,,,,,,,,
ASM,,,,,,,,,,,,,,,,,,,,,,,,,,,,,,,,,,,273.32385,,0.62328684,,,,,4.0,8.0,8.0,,800.0,1600.0,1.0,0.0,,,,,,,200.0,14.333333,-170.0,20.0,,,,0.0,0.0,0.0,1.0,0.0,76.0,20.6,0.0,3.4,27362.0,55197.0,,,,,,,,,0.0141340222605454,,10.21691046848006,,,,,,,,,,,,,,,,,,,,,,,,,,,,,,,,,,,,,,,,,,,,,,,,,,,,,,,,
BMU,,,,,,,,,,,,,,,,,,,,,,,,,,,,,,,,,,,166.53333,,0.6217928,,,,0.44332135,0.88664275,1.329964,1.329964,22.166067,44.332138,66.4982,1.0,0.0,,,,,,,50.0,32.333332,-64.75,10.0,,,,0.0,0.0,0.0,0.0,1.0,27.0,18.6,0.0,54.4,55000.0,63903.0,50400.5271965312,,,,2772028995.80922,,12.633259490373431,,0.0030051689621013,10.827756914253388,10.915088464214609,,,,,,,,,,,,,,,,,,,,,,,,,,,,,,,,,,,,,,,,,,,,,,,,,,,,,,,,
CHI,,,,,,,,,,,,,,,,,,,,,,,,,,,,,,,,,,,,,0.7268419,,,,,,,,,,,,,,,,,,,190.0,49.25,-2.116667,,,,,0.0,1.0,0.0,0.0,0.0,14.0,17.5,0.0,68.5,121200.0,173859.0,,,,,,,,,0.0072421494793495,,11.70519735261735,,,,,,,,,,,,,,,,,,,,,,,,,,,,,,,,,,,,,,,,,,,,,,,,,,,,,,,,
CYM,,,,,,,,,,,,,,,,,,,,,,,,,,,,,,,,,,,247.22426,,0.62132883,,,,0.44332135,0.88664275,1.329964,1.329964,115.26355,230.52711,345.79065,1.0,0.0,,,,,,,260.0,19.5,-80.666664,10.01,,,,0.0,0.0,0.0,0.0,1.0,92.4,2.6,0.0,5.0,9143.0,65720.0,,,,,,,,,0.0402367117220983,,9.120743838164426,,,,,,,,,,,,,,,,,,,,,,,,,,,,,,,,,,,,,,,,,,,,,,,,,,,,,,,,
FRO,,,,,,,,,,,,,,,,,,,,,,,,,,,,,,,,,,,35.99584,,0.72125214,,,,,,,,,,,0.0,1.0,,,,,,,1400.0,62.0,-7.0,29.960001,,,,0.0,1.0,0.0,0.0,0.0,99.8,0.1,0.0,0.1,39008.0,48865.0,,,,,,,23.23748363625856,,0.0045160596092796,,10.571522032280996,,,,,,,,,,,,,,,,,,,,,,,,,,,,,,,,,,,,,,,,,,,,,,,,,,,,,,,,
FSM,,,,,,,,,,,,,,,,,,,,,,,,,,,,,,,,,,,272.09314,,0.65254146,,,,,,,,,,,1.0,0.0,26.533333,0.181,,,379.325,,700.0,6.9166665,152.0,39.97,0.543,,,0.0,0.0,0.0,1.0,0.0,49.2,45.6,0.0,5.2,61415.0,115021.0,,,,,,,37.7464788732394,,0.0126282840893803,,11.025409383973194,,,,,,,,,,,,,,,,,,,,,,,,,,,,,,,,,,,,,,,,,,,,,,,,,,,,,,,,
GRL,,,,,,,,,,,,,,,,,,,,,,,,,,,,,,,,,,0.0,21.76469,,0.6316625,,,,,,,,,,,0.0,1.0,-19.454702,1.5070957,,0.0,29.349474,,410450.0,72.0,-40.0,,0.16540591,,,0.0,0.0,0.0,0.0,1.0,98.6,0.1,0.0,1.3,46400.0,56367.0,15656.4729016411,,,,726460342.636147,,30.51464066806013,,0.0038992708853653,9.658639714396497,10.745054738214346,,,,,,,,,,,,,,,,,,,,,,,,,,,,,,,,,,,,,,,,,,,,,,,,,,,,,,,,
GUM,,,,,,,,,,,,,,,,,,,,,,,,,,,,,,,,,,,270.94678,,0.6641026,,,,,,,,,,,1.0,0.0,,,,,,,540.0,13.466666,144.73666,19.656,,,,0.0,0.0,0.0,1.0,0.0,16.4,79.5,0.0,4.1,83875.0,168783.0,,,,,,,,,0.0140839832101582,,11.337082874273984,,,,,,,,,,,,,,,,,,,,,,,,,,,,,,,,,,,,,,,,,,,,,,,,,,,,,,,,
IMY,,,,,,,,,,,,,,,,,,,,,,,,,,,,,,,,,,,60.37234,,0.7247251,,,,,,,,,,,1.0,0.0,,,,,,,570.0,54.25,-4.5,,,,,0.0,1.0,0.0,0.0,0.0,20.9,10.0,0.0,69.1,,,,,,,,,,,,,,,,,,,,,,,,,,,,,,,,,,,,,,,,,,,,,,,,,,,,,,,,,,,,,,,,,,,,,
LIE,,,,,,,,,,,,,,,,,,,,,,,,,,,,,,,,,,,85.306,,0.73356754,,0.7201524,,,,,,,,,0.0,0.0,,,0.0,,,0.0,160.0,47.266666,9.533333,40.0,,8.612503,,0.0,1.0,0.0,0.0,0.0,10.7,87.9,0.0,1.4,21268.0,38137.0,,,,,,,,,0.0117481000398436,,9.964958874624228,,,,,,,,,,,,,,,,,,,,,,,,,,,,,,,,,,,,,,,,,,,,,,,,,,,,,,,,
MAC,,,,,,,,,,,,,,,,,,,,,,,,,,,,,,,,,,,224.88225,,0.6946226,,0.6970776,,,,,,,,,0.0,1.0,22.521666,0.0381,,,154.0211,,28.2,,113.55972,,0.0598,,,0.0,0.0,1.0,0.0,0.0,0.5,8.8,0.0,90.7,246193.0,649342.0,,24350.3439768089,,27.604707867364898,,15811701058.5891,21.50967235683632,,0.0195862168405906,,12.41387106015932,,,,,,,,,,,,,,,,,,,,,,,,,,,,,,,,,,,,,,,,,,,,,,,,,,,,,,,,
MCO,,,,,,,,,,,,,,,,,,,,,,,,,,,,,,,,,,,111.44635,,0.7328029,,0.7176141,,,,,,,,,0.0,1.0,,,,,,,1.95,43.733334,7.4,,,,,0.0,1.0,0.0,0.0,0.0,4.6,90.7,0.0,4.7,23487.0,39244.0,85778.06149156191,,,,2014669330.25231,,,,0.010319916586335,11.35951855920934,10.064202355576024,,,,,,,,,,,,,,,,,,,,,,,,,,,,,,,,,,,,,,,,,,,,,,,,,,,,,,,,
MHL,,,,,,,,,,,,,,,,,,,,,,,,,,,,,,,,,,,268.65515,,0.6418726,,,,,,,,,,,1.0,0.0,,,,,,,180.0,9.0,167.0,19.998,,,,0.0,0.0,0.0,1.0,0.0,,0.0,0.0,,20394.0,59194.0,,,,,,,23.200437580943824,,0.0215403026818261,,9.92299601892417,,,,,,,,,,,,,,,,,,,,,,,,,,,,,,,,,,,,,,,,,,,,,,,,,,,,,,,,
MNP,,,,,,,,,,,,,,,,,,,,,,,,,,,,,,,,,,,256.381,,0.6633102,,,,,,,,,,,,,,,,,,,460.0,15.2,146.0,,,8.160519,,0.0,0.0,0.0,1.0,0.0,,,,,13000.0,57557.0,,,,,,,,,0.0302036777423626,,9.472704636443671,,,,,,,,,,,,,,,,,,,,,,,,,,,,,,,,,,,,,,,,,,,,,,,,,,,,,,,,
MYT,,,,,,,,,,,,,,,,,,,,,,,,,,,,,,,,,,,269.11017,,0.75518805,,,,,,,,,,,0.0,1.0,,,,,,,374.0,12.833333,45.166668,,,,,1.0,0.0,0.0,0.0,0.0,0.3,0.9,98.8,0.0,,,,,,,,,,,,,,,,,,,,,,,,,,,,,,,,,,,,,,,,,,,,,,,,,,,,,,,,,,,,,,,,,,,,,
NCL,,,,,,,,,,,,,,,,,,,,,,,,,,,,,,,,,,,241.1769,,0.63871646,,,,0.71428573,1.2755102,1.5306122,1.5306122,13057.144,23316.326,27979.592,0.0,1.0,22.48783,0.2049926,,,138.2505,,18280.0,21.5,165.5,60.324,0.29479828,,,0.0,0.0,0.0,1.0,0.0,18.1,72.5,4.0,5.4,112000.0,271960.0,,,,,,,18.97127634992103,,0.0179014668266197,,11.626254150277232,,,,,,,,,,,,,,,,,,,,,,,,,,,,,,,,,,,,,,,,,,,,,,,,,,,,,,,,
PRI,,,,,,,,,,,,,,,,,,,,,,,,,,,,,,,,,,0.0,260.44022,,0.613593,0.70875376,,,0.44332135,0.88664275,1.329964,1.329964,3932.2603,7864.521,11796.781,0.0,1.0,25.161654,0.12272698,,1.0,133.8881,,8870.0,18.25,-66.49989,320.207,0.15913332,,,0.0,0.0,0.0,0.0,1.0,5.1,91.5,0.0,3.4,2718000.0,3194034.0,10611.3932204227,26822.4440819432,28.641229864738698,11.5110487568634,28841766773.1089,85671798360.8254,17.16238938477263,0.0187192641266182,0.0032329824303694,9.26968353499704,14.815406873693226,,,,,,,,,,,,,,,,,,,,,,,,,,,,,,,,,,,,,,,,,,,,,,,,,,,,,,,,
PYF,,,,,,,,,,,,,,,,,,,,,,,,,,,,,,,,,,,262.55145,,0.60601205,,,,,4.0,8.0,8.0,,14640.0,29280.0,,,,,,,,,3660.0,15.0,-140.0,30.012,,,,0.0,0.0,0.0,1.0,0.0,54.0,39.4,0.0,6.6,110490.0,280904.0,,,,,,,,,0.0188369779899233,,11.61268029810722,,,,,,,,,,,,,,,,,,,,,,,,,,,,,,,,,,,,,,,,,,,,,,,,,,,,,,,,
SMR,,,,,,,,,,,,,,,,,,,,,,,,,,,,,,,,,,,109.948044,,0.7358071,,0.72031045,,,,,,,,,0.0,1.0,,,0.0,,,0.0,60.0,43.766666,12.416667,10.002,,,,0.0,1.0,0.0,0.0,0.0,,,,,19224.0,33938.0,,,,,,,18.3216831187762,,0.0114323723762077,,9.863914777416303,,,,,,,,,,,,,,,,,,,,,,,,,,,,,,,,,,,,,,,,,,,,,,,,,,,,,,,,
TMP,,,,,,,,,,,,,,,,,,,,,,,,,,,,,,,,,,,294.28192,,0.6725938,0.67309296,,,,,,,,,,,,,,0.3993624,,,0.1218,14870.0,8.833333,125.75,1200.0089,,,,0.0,0.0,1.0,0.0,0.0,,,,,,,,,,,,,,,,,,,,,,,,,,,,,,,,,,,,,,,,,,,,,,,,,,,,,,,,,,,,,,,,,,,,,,,,,
VIR,,,,,,,,,,,,,,,,,,,,,,,,,,,,,,,,,,,257.64313,,0.6129435,,,,0.44332135,0.88664275,1.329964,1.329964,155.16248,310.32495,465.48743,1.0,0.0,,,,,,,350.0,18.333334,-64.98348,19.985,,,,0.0,0.0,0.0,0.0,1.0,43.0,33.6,0.0,23.4,63476.0,106290.0,,,,,,,,,0.0103635196237419,,11.058417160682732,,,,,,,,,,,,,,,,,,,,,,,,,,,,,,,,,,,,,,,,,,,,,,,,,,,,,,,,
WBG,,,,,,,,,,,,,,,,,,,,,,,,,,,,,,,,,,0.0,195.77008,,,,,,,,,,,,,,,18.994095,0.235875,,,35.665886,,6020.0,,35.25,,0.25140625,,,0.0,0.0,1.0,0.0,0.0,0.2,1.1,94.8,3.9,,,,,,,,,,,,,,,,,,,,,,,,,,,,,,,,,,,,,,,,,,,,,,,,,,,,,,,,,,,,,,,,,,,,,
